Date_Time,Flow_Rate_Lmin,Temp_Hot_In_C,Temp_Cold_In_C,Efficiency,Temp_Cold_Out_C,Temp_Hot_Out_C,Exergy_Destruction
2026-08-01 00:00:00,26.236203565420873,84.07510685231557,21.78938432275089,0.8475275928691582,74.57825280834913,31.286238366717328,1.4153080851189748
2026-08-01 01:00:00,43.52142919229749,72.7184959924849,15.65730501052593,0.812957141615405,62.045607728390024,26.33019327462081,1.474117205060058
2026-08-01 02:00:00,36.95981825434215,70.99744401050167,19.708214827575883,0.8260803634913158,62.07723991419661,28.628418923880943,1.115945801920947
2026-08-01 03:00:00,32.959754525911094,81.11680973935088,18.106251535132,0.8340804909481778,70.66212885702562,28.560932417457266,1.583461079367605
2026-08-01 04:00:00,19.680559213273096,78.61709669769868,21.076995780642537,0.8606388815734538,70.5982438795214,29.095848598819813,1.1417449260030736
2026-08-01 05:00:00,19.67983561008608,82.62743165137408,16.2400485261317,0.8606403287798279,73.3757077658727,25.49177241163308,1.526828450227064
2026-08-01 06:00:00,16.742508365045985,72.09658564939434,19.84838166558315,0.8665149832699081,65.12223326649806,26.822734048479433,0.9292115395107092
2026-08-01 07:00:00,40.98528437324806,81.92900967789835,20.866807027536773,0.8180294312535039,70.81748593269825,31.978330772736875,1.5808868167758183
2026-08-01 08:00:00,33.03345035229626,73.02440980071617,21.61229953631816,0.8339330992954075,64.48655999042482,30.15014934660951,1.0676655769851338
2026-08-01 09:00:00,36.242177333881365,72.45483914298556,19.78273619802752,0.8275156453322373,63.369725457530514,28.86784988348257,1.1639286148876529
2026-08-01 10:00:00,15.617534828874074,72.46398696896489,18.480223348058992,0.8687649303422519,65.3794239897879,25.564786327235986,0.9812386175828203
2026-08-01 11:00:00,44.097295564859834,82.21862080347073,19.324930681408496,0.8118054088702804,70.38236850630994,31.16118297856928,1.7285453841078964
2026-08-01 12:00:00,39.97327922401266,79.977958310443,21.082334891351028,0.8200534415519747,69.37989356852648,31.68039963326754,1.4651986011004825
2026-08-01 13:00:00,21.370173320348286,77.8459813715368,18.994268226471807,0.8572596533593034,69.44546743681138,27.394782161197213,1.2297496180977028
2026-08-01 14:00:00,20.454749016213018,75.38245726185254,15.212709417877859,0.859090501967574,66.90396829642042,23.69119838330998,1.2973073087329454
2026-08-01 15:00:00,20.502135295603015,83.15800811219663,21.516640868548844,0.858995729408794,74.4663120857614,30.208336894984072,1.3040551110102845
2026-08-01 16:00:00,24.127267288786133,75.88667661133952,19.82668725722093,0.8517454654224278,67.57552898122103,28.137834887339423,1.1548170308389676
2026-08-01 17:00:00,30.742692948967136,82.24899159207365,19.735593700440724,0.8385146141020657,72.1539914097522,29.83059388276218,1.5118514292937622
2026-08-01 18:00:00,27.958350559263472,76.58702362855328,16.50972606678402,0.844083298881473,67.21996958060609,25.87678011473121,1.394721889686031
2026-08-01 19:00:00,23.736874205941255,75.65416644137362,19.6121982916286,0.8525262515881176,67.3894473299514,27.876917403050825,1.1506654451711908
2026-08-01 20:00:00,33.35558684167138,76.9401967850441,17.757050839579108,0.8332888263166572,67.07370506220306,27.62354256242014,1.4210899383771842
2026-08-01 21:00:00,19.184815819561255,74.52066811246213,19.558630839290444,0.8616303683608775,66.91559126083764,27.163707690914933,1.0532981003441877
2026-08-01 22:00:00,23.764339456056547,81.21414070264376,15.746151212155935,0.8524713210878869,71.55573470207999,25.40455721271971,1.5657293221315511
2026-08-01 23:00:00,25.99085529881075,77.54080585138719,19.604917132221253,0.8480182894023786,68.73561037885491,28.41011260475353,1.2536743458438449
2026-08-02 00:00:00,28.682099526511077,73.48319042720226,21.995896080394665,0.8426358009469779,65.38093359090969,30.098152916687233,1.0226543634842213
2026-08-02 01:00:00,38.55527884179041,83.49361859911852,15.337484272023893,0.8228894423164193,71.42244763888976,27.40865523225265,1.9554389705702369
2026-08-02 02:00:00,20.99021346475079,75.75836832059817,21.84021928954922,0.8580195730704985,68.10304650192134,29.49554110822605,1.0241541113309427
2026-08-02 03:00:00,30.42703315240835,78.15329291670983,17.848355725060095,0.8391459336951833,68.45299855117639,27.548650090593533,1.4282252991214164
2026-08-02 04:00:00,32.772437065861276,83.5970816644682,21.095274152360815,0.8344551258682775,73.25022780687124,31.442128009957784,1.528814636709762
2026-08-02 05:00:00,16.393512381599933,79.36356993870989,20.476698388407915,0.8672129752368002,71.54415746793258,28.29611085918522,1.1480093444369595
2026-08-02 06:00:00,33.226345557043146,71.75347061062546,18.969113826906675,0.8335473088859138,62.96737237524938,27.75521206228275,1.1417656836210028
2026-08-02 07:00:00,20.115723710618745,84.09748185420213,20.169144464759285,0.8597685525787625,75.13271857084735,29.13390774811407,1.3986850659819505
2026-08-02 08:00:00,16.951547789558386,79.41562079607127,21.149608929109434,0.8660969044208833,71.61362144003553,28.95160828514517,1.1291982197279873
2026-08-02 09:00:00,43.466566117599996,75.02358421985629,17.828982251557232,0.8130668677648001,64.3320181269766,28.520548344436918,1.4596089460256612
2026-08-02 10:00:00,43.96896099223678,72.08908108995081,17.289232130942672,0.8120620780155264,61.790111351531806,27.588201869361676,1.3596631129843368
2026-08-02 11:00:00,39.25192044349383,81.91037783905443,19.673153698945093,0.8214961591130123,70.80079428390056,30.78273725409897,1.6244153936647292
2026-08-02 12:00:00,24.13841307520112,79.3010913389277,20.65492159358881,0.8517231738495978,70.60522342321111,29.3507895093054,1.2480117539292042
2026-08-02 13:00:00,17.930163420191516,78.00191637964483,20.33599594343631,0.864139673159617,70.16740558163002,28.170506741451113,1.1273172242304945
2026-08-02 14:00:00,35.52699079536471,83.40838874576437,20.584695542010444,0.8289460184092706,72.66214588502783,31.330938402746987,1.5889035492055645
2026-08-02 15:00:00,28.20457481218804,81.82895816836796,18.049083203690532,0.843590850375624,71.85320216199374,28.024839210064755,1.544110788749357
2026-08-02 16:00:00,18.661147045343366,72.27512319599127,20.724839513225152,0.8626777059093133,65.19611997964813,27.803842729568288,0.9232039932703634
2026-08-02 17:00:00,29.855307303338105,74.67583101693322,15.84146338759426,0.8402893853933238,65.27935800285636,25.23793640167112,1.374710338874789
2026-08-02 18:00:00,16.031655633456552,73.72733709721699,18.81142368572595,0.8679366887330869,66.47495973084841,26.063801052094526,1.015921018815809
2026-08-02 19:00:00,42.27961206236346,81.15919438859015,15.040310623486851,0.8154407758752731,68.95634450090968,27.243160511167325,1.914947140925918
2026-08-02 20:00:00,22.763399448000506,70.50298652103669,17.272100809301893,0.854473201103999,62.756466121009055,25.018621209329524,1.0507232776744584
2026-08-02 21:00:00,34.875668530619464,78.54834527306974,17.565230744099786,0.8302486629387611,68.19638004361843,27.917195973551095,1.5244967615468221
2026-08-02 22:00:00,24.35133228268233,81.43688028611035,17.77320884126479,0.8512973354346354,71.9699227062479,27.240166421127242,1.4792424693721444
2026-08-02 23:00:00,30.602040635334326,83.15148455142624,19.868270446829037,0.8387959187293313,72.94997216183963,30.069782836415648,1.542439055634068
2026-08-03 00:00:00,31.40130838029839,75.1312262307386,17.71990670889242,0.8371973832394033,65.78451318090332,27.06661975872771,1.319255972867716
2026-08-03 01:00:00,20.545633665765813,82.31885957008019,18.140855358357715,0.8589087326684683,73.2639036210399,27.195811307398003,1.4337760115483487
2026-08-03 02:00:00,44.08753883293676,71.65947605432811,16.66280891612029,0.8118249223341265,61.31047394423166,27.01181102621674,1.3754130858873554
2026-08-03 03:00:00,38.253984700833435,82.69678437601777,17.61276254140538,0.8234920305983331,71.2089358414966,29.100611075926558,1.7689537239637139
2026-08-03 04:00:00,43.18496824692568,71.91232993497974,16.59088739084206,0.8136300635061486,61.60207620128055,26.90114112454124,1.380738113539875
2026-08-03 05:00:00,41.844820512829465,75.9593093584055,15.512371466379106,0.8163103589743411,64.85583303591888,26.615847788865736,1.6165676712934283
2026-08-03 06:00:00,32.93699936433255,81.95943048669331,19.224140153669644,0.834126001271335,71.5532770177509,29.63029362261205,1.5596639202714913
2026-08-03 07:00:00,42.6562270506935,72.24876141023161,19.677489589885113,0.814687545898613,62.50665001397211,29.41960098614461,1.2274408562113681
2026-08-03 08:00:00,17.654775061557586,73.43877092848962,19.3364324220673,0.8646904498768848,66.11820784457711,26.656995505979808,1.005548968945855
2026-08-03 09:00:00,20.879485872574357,80.833788525896,18.244458306604006,0.8582410282548513,71.96118943179161,27.11705740070839,1.374450707186072
2026-08-03 10:00:00,16.35681866731614,80.80054804819112,17.658500461254608,0.8672863626653677,72.42073724417234,26.03831126527338,1.3262769250877742
2026-08-03 11:00:00,24.759909922897933,79.61721449327946,21.043335547002776,0.8504801801542041,70.85925866556272,29.80129137471952,1.2507584203917443
2026-08-03 12:00:00,26.660318690684463,80.4092266670065,18.633572495953526,0.8466793626186311,70.93774399484963,28.105055168110397,1.4283196625658776
2026-08-03 13:00:00,23.140470953216877,78.14086665021394,18.354273143408115,0.8537190580935663,69.39522743866131,27.099912354960743,1.2968463290128212
2026-08-03 14:00:00,39.86212527455788,73.7769858836043,15.17949446064505,0.8202757494508842,63.245595653554716,25.710884690694627,1.5049971874903203
2026-08-03 15:00:00,25.70259980080768,75.1854399025588,17.388734793383094,0.8485948003983846,66.43471822918835,26.139456466753543,1.2617147441221646
2026-08-03 16:00:00,23.428035290621423,72.72396575202139,17.661369331501,0.8531439294187572,64.63768920570296,25.74764587781943,1.1238655375922981
2026-08-03 17:00:00,31.280882494747456,83.62675842000442,17.791759466278304,0.8374382350105051,72.92450479200515,28.494013094277577,1.689995793603568
2026-08-03 18:00:00,19.22772674924288,78.75087692149181,19.061206584591325,0.8615445465015142,70.48651654582113,27.325566960262,1.2297245030899857
2026-08-03 19:00:00,39.06590942262119,76.0127712514546,18.73521782708815,0.8218681811547577,65.80981648096666,28.938172597576084,1.4017998709907162
2026-08-03 20:00:00,17.236519310393124,76.930087054662,19.255335649554112,0.8655269613792138,69.17438798151869,27.011034722697417,1.1255101343653102
2026-08-03 21:00:00,44.60660809801552,84.20925009417724,20.354182830794898,0.810786783803969,72.12702744685876,32.43640547811337,1.7728521459643565
2026-08-03 22:00:00,38.16734307889972,72.3002710467412,20.690900171012654,0.8236653138422005,63.199748830568126,29.791422387185733,1.1341132716795883
2026-08-03 23:00:00,20.961470446025174,78.79344748025196,20.02686153358546,0.8580770591079496,70.45312077651562,28.3671882373218,1.2127979514755358
2026-08-04 00:00:00,15.165663513708072,77.58833018326699,21.68866587168454,0.8696686729725839,70.30285275315136,28.974143301800176,1.019402118361416
2026-08-04 01:00:00,39.463842853645026,79.17181353151972,15.127628078734531,0.82107231429271,67.71253564544438,26.586905964809873,1.763670963531186
2026-08-04 02:00:00,36.205720315428515,70.27165275731261,16.370445899784823,0.827588559369143,60.97846803126441,25.663630625833022,1.2405139132828291
2026-08-04 03:00:00,36.87021504122962,83.08185863416227,15.052940124846995,0.8262595699175408,71.26248507430927,26.872313684700003,1.9231217792564064
2026-08-04 04:00:00,38.13811040057837,83.98177423725419,19.532322999082222,0.8237237791988433,72.6208685402808,30.893228696055616,1.7154325091624576
2026-08-04 05:00:00,17.221339552022712,78.47699775383813,21.286213842649907,0.8655573208959546,70.78811554475746,28.97509605173058,1.0940807785589317
2026-08-04 06:00:00,25.753971856328178,80.44976235815338,16.704376076034094,0.8484920562873437,70.79182996138051,26.36230847280696,1.515721098832132
2026-08-04 07:00:00,18.47607178575389,83.83749071765943,21.489241813574147,0.8630478564284922,75.29876438231504,30.02796814891854,1.299560871448271
2026-08-04 08:00:00,40.89310277626781,80.60857951470098,15.421871732026926,0.8182137944474644,68.75853525442672,27.27191599230119,1.8402578362853614
2026-08-04 09:00:00,33.69894380482674,72.28808564371391,21.5410521876386,0.8326021123903465,63.79313944071049,30.03599839064202,1.0494020953639056
2026-08-04 10:00:00,24.926940745579476,78.6443254025022,17.461358810677442,0.850146118508841,69.47582037757336,26.629863835606287,1.3875386064776747
2026-08-04 11:00:00,16.90675050858071,79.10072569574284,15.709945799144515,0.8661864989828386,70.61818350557073,24.192487989316625,1.3616548386417502
2026-08-04 12:00:00,24.329469651469864,76.3619600695358,18.40110231430428,0.8513410606970603,67.7455604345545,27.017501949285574,1.24141744749156
2026-08-04 13:00:00,24.75549966080241,81.04666353437085,16.797435974043555,0.8504890006783952,71.44069731618512,26.40340219222928,1.5199917768170788
2026-08-04 14:00:00,36.888185350141924,84.01550522153522,16.994110313733458,0.8262236292997162,72.36877045518695,28.640845080081732,1.8497749296049293
2026-08-04 15:00:00,34.12672414065639,83.88352769360165,17.151029754484007,0.8317465517186873,72.65555480291951,28.379002645166146,1.7873293729500919
2026-08-04 16:00:00,41.616382277289794,76.76259057106198,20.621181284828644,0.8167672354454204,66.47564494155529,30.908126914335334,1.3650217496133739
2026-08-04 17:00:00,29.16644775485848,71.69857068761132,18.774128936726783,0.841667104490283,63.31889058195842,27.153809042379685,1.1034598985162212
2026-08-04 18:00:00,18.58782737814905,84.77261798443502,17.179153894092025,0.8628243452437019,75.50044029059589,26.45133158793115,1.5475200775465567
2026-08-04 19:00:00,36.39734361668985,82.58347129668901,19.272336483176428,0.8272053127666203,71.64364355819777,30.212164221667678,1.637608920733963
2026-08-04 20:00:00,37.82355145850693,71.86994021804901,20.013054719562355,0.8243528970829862,62.76142851394052,29.121566423670842,1.145549368671451
2026-08-04 21:00:00,31.83831592708489,83.81262823926059,16.908368005134736,0.8363233681458302,72.86196426744401,27.859031976951314,1.7591920136337464
2026-08-04 22:00:00,38.12901539863683,83.04844543093192,17.89484371067746,0.8237419692027264,71.56459989237001,29.378689249239372,1.7673072387806825
2026-08-04 23:00:00,29.81386789093172,77.78257085689108,15.853202653358633,0.8403722642181366,67.89692603215987,25.738847478089852,1.5086295894470338
2026-08-05 00:00:00,30.681984881459822,78.86913153617394,16.26804544674276,0.8386360302370803,68.76757177331304,26.369605209603662,1.5479569349796545
2026-08-05 01:00:00,27.826230550756488,75.98504055805195,19.76782497775488,0.844347538898487,67.23469259670439,28.518172939102442,1.2084565393420037
2026-08-05 02:00:00,15.762573802322855,70.82142458233047,16.27006843386939,0.8684748523953543,63.64654941287052,23.444943603329335,1.0162968055398036
2026-08-05 03:00:00,18.236742809799132,75.02795862468851,18.676143685669423,0.8635265143804017,67.33743001897003,26.366672291387907,1.0961009847841054
2026-08-05 04:00:00,15.942875570602027,82.04280172897018,19.96332383205703,0.868114248858796,73.85540315608202,28.150722404945185,1.260919323064798
2026-08-05 05:00:00,34.09231233791341,70.06948034506904,15.748138461663206,0.8318153753241732,60.93346584852115,24.88415295821109,1.238710644794962
2026-08-05 06:00:00,24.4306794322898,75.00248757536716,18.971185537402324,0.8511386411354204,66.66159181504402,27.312081297725456,1.1638527707497603
2026-08-05 07:00:00,30.257120734941083,75.97253040386416,16.795939485909546,0.8394857585301179,66.47384479989516,26.294625089878537,1.3866166440648304
2026-08-05 08:00:00,42.22699421778279,78.06093404406884,21.74048812666306,0.8155460115644344,67.67240316413378,32.12901900659812,1.3704909659708198
2026-08-05 09:00:00,22.47876687446625,83.7978342461914,18.384819527039472,0.8550424662510675,74.31572495742051,27.866928815810354,1.5156262383067471
2026-08-05 10:00:00,27.31148769106889,75.19518991548942,20.641947848426106,0.8453770246178622,66.76000531033809,29.07713245357744,1.1311666650465766
2026-08-05 11:00:00,37.66653415629146,75.20429802844342,18.851585795093833,0.8246669316874171,65.32380408483421,28.732079738703042,1.3428333444101141
2026-08-05 12:00:00,21.863944964748676,81.06251872164623,15.303887729983733,0.8562721100705026,71.61116944456212,24.75523700706784,1.5489033075035497
2026-08-05 13:00:00,17.30939729486379,76.7832691133471,19.432059629158157,0.8653812054102724,69.06271842432263,27.15261031818264,1.1137527510061265
2026-08-05 14:00:00,23.69254358741304,73.36907234409973,21.6598233954466,0.852614912825174,65.74790018005771,29.280995559488623,0.9790286704759383
2026-08-05 15:00:00,19.83663861762013,76.7865927419904,19.21128274102432,0.8603267227647597,68.74486050632058,27.253014976694146,1.1585927541313767
2026-08-05 16:00:00,42.890929570277194,72.112855305697,20.73432201598753,0.8142181408594457,62.56765587121991,30.279521450464614,1.1710161180650516
2026-08-05 17:00:00,39.24361138693251,72.64580479759334,21.189445243438854,0.821512777226135,63.46150208671887,30.373747954313323,1.1351133022885056
2026-08-05 18:00:00,34.002112695312704,77.4755165910922,16.596558403642526,0.8319957746093746,67.24759437822144,26.82448061651329,1.516504823410589
2026-08-05 19:00:00,41.143817705631534,76.28388174256821,16.484313879357586,0.817712364588737,65.38315991816819,27.38503570375761,1.5661469437769358
2026-08-05 20:00:00,39.110162306973436,83.7226885160215,19.27686692195694,0.8217796753860531,72.23713327151482,30.762422166463622,1.7327813417603297
2026-08-05 21:00:00,20.597101766581076,75.4359084867495,17.877199288646935,0.8588057964668379,67.3089523851265,26.00415539026993,1.1783297844743745
2026-08-05 22:00:00,41.77676995469933,78.70882525417065,20.87902912006704,0.8164464600906014,68.09396146151707,31.493892912720625,1.4408545215089807
2026-08-05 23:00:00,31.18026725746952,79.48396431879296,21.30016186378608,0.837639465485061,70.03721105208642,30.746915130492617,1.3191057123476997
2026-08-06 00:00:00,39.22320465492187,70.19641684882501,17.47394965511903,0.8215535906901563,60.78828188815215,26.88208461579189,1.2151244547529134
2026-08-06 01:00:00,41.8827389977048,79.95306058025066,16.658093912821375,0.8162345220045905,68.32163077590701,28.289523717165025,1.745693616704892
2026-08-06 02:00:00,24.540104249155917,72.67053950304627,20.463678606707035,0.8509197915016882,64.88752979557765,28.246688314175657,1.0135219308467784
2026-08-06 03:00:00,18.301557735830304,84.41605476204182,16.923642248836952,0.8633968845283394,75.19638094203954,26.14331606883924,1.5403835808822264
2026-08-06 04:00:00,21.83805487625825,72.2299409162967,20.758300229595747,0.8563238902474836,64.83469581985216,28.153545326040287,0.9558464958851242
2026-08-06 05:00:00,27.813233658787688,76.21936185590536,17.96616777554134,0.8443735326824247,67.15362305121322,27.031906580233482,1.304340294966551
2026-08-06 06:00:00,39.54044297767479,71.28024502117965,19.672849295040294,0.8209191140446505,62.0383468726943,28.91474744352565,1.1552086508250785
2026-08-06 07:00:00,40.82191749769031,84.95311377768921,15.668747196842677,0.8183561650046194,72.36803572671846,28.253825247813424,2.049939299474573
2026-08-06 08:00:00,15.208563915935722,77.53292515496864,19.367015272736012,0.8695828721681286,69.9470942504004,26.952846177304252,1.1131168785708774
2026-08-06 09:00:00,30.32241907732697,78.93077525980065,18.162373751160604,0.8393551618453461,69.16864523452816,27.9245037764331,1.4439417254073479
2026-08-06 10:00:00,27.52233009446337,71.00614716082642,19.10625924222832,0.8449553398110733,62.95934667464399,27.153059728410746,1.0441866837625648
2026-08-06 11:00:00,21.663234314121908,81.24940705598766,16.176099454214043,0.8566735313717562,71.922679675466,25.5028268347357,1.5080056251470733
2026-08-06 12:00:00,18.595961020010485,73.14858389643379,20.158116214609276,0.862808077959979,65.87871978536467,27.427980325678405,0.9740665835788834
2026-08-06 13:00:00,25.12845514210884,83.4708143416107,21.0395795428026,0.8497430897157824,74.09008989551327,30.42030398890003,1.4109083198682753
2026-08-06 14:00:00,43.287291117375574,73.07709460723011,16.51717860063543,0.8134254177652489,62.52445190706709,27.069821300798452,1.4398363205394822
2026-08-06 15:00:00,24.696087960622656,72.860315809955,15.670001888641131,0.8506078240787547,64.31653037163083,24.213787326965296,1.2374257217923046
2026-08-06 16:00:00,30.563718652300985,70.54824501772143,15.165470102324354,0.838872562695398,61.624560424785905,24.08915469525988,1.2447941789955907
2026-08-06 17:00:00,36.090568766855334,77.08100417664998,19.49380050310286,0.8278188624662893,67.16557394075315,29.409230738999696,1.3718740071590627
2026-08-06 18:00:00,25.90888807137882,78.47261699893924,19.249658252621465,0.8481822238572424,69.48151910547901,28.2407561460817,1.3068357543291576
2026-08-06 19:00:00,44.15346248162882,70.98562959142528,18.82688188899849,0.8116930750367424,61.16377620164691,28.648735278776854,1.2313231701076948
2026-08-06 20:00:00,43.87341884826334,81.63291425042516,16.623629672811827,0.8122531623034733,69.42762665006467,28.828917273172323,1.8632465818192785
2026-08-06 21:00:00,22.553468874760924,76.7993325212204,17.736341971338604,0.8548930622504782,68.22888282819812,26.306791664360887,1.2647819635691346
2026-08-06 22:00:00,29.91745517677156,77.8658540399137,19.16133434630321,0.8401650896464569,68.48282239733766,28.54436598887925,1.3417271590482545
2026-08-06 23:00:00,24.026349294503092,76.61144120407343,18.477368012014185,0.8519473014109938,68.00453478801826,27.08427442806935,1.2434240167680173
2026-08-07 00:00:00,23.545214831324028,76.01144591312989,21.91449864150421,0.8529095703373519,68.05430269550885,29.871641859125248,1.0606004594195266
2026-08-07 01:00:00,16.106608420635983,78.39460496962327,15.955078267897132,0.867786783158728,70.13927428634156,24.21040895117885,1.3093380958149643
2026-08-07 02:00:00,33.286930019396905,72.32860368896068,19.866011878333158,0.8334261399612062,63.58970726342484,28.604908303868996,1.123252562525432
2026-08-07 03:00:00,30.080370696865845,72.72892195742907,17.830231376730044,0.8398392586062683,63.936306972479244,26.622846361679862,1.1985336827332733
2026-08-07 04:00:00,16.54436253749968,82.92678431520275,17.997397304479303,0.8669112749250006,74.28541497804434,26.638766641637716,1.395596697061584
2026-08-07 05:00:00,23.359393927098346,84.19173193200449,20.023184359607235,0.8532812121458033,74.777000413818,29.43791587779372,1.463466759056988
2026-08-07 06:00:00,42.24797657899961,75.5996397441963,19.847053059270586,0.8155040468420008,65.31351312273696,30.133179680729917,1.361472405298735
2026-08-07 07:00:00,22.186856720009175,74.06117009715331,21.93879195591532,0.8556262865599816,66.53606881157793,29.463893241490695,0.9749869666996583
2026-08-07 08:00:00,19.346846162736693,79.65999314858524,15.898760026178877,0.8613063076745266,70.81671229961344,24.74204087515068,1.4165062872363667
2026-08-07 09:00:00,29.68358280832689,76.13101256647144,15.728767545689164,0.8406328343833462,66.50487798062673,25.354902131533876,1.4408069293445929
2026-08-07 10:00:00,44.56951362331802,70.38079533490517,20.07037171990119,0.810860972753364,60.865130751997135,29.586036302809227,1.146787645006467
2026-08-07 11:00:00,22.261658145345013,72.34228896049285,19.048708419044864,0.85547668370931,64.64012396363779,26.750873415899925,1.0352847705448183
2026-08-07 12:00:00,35.16406642217636,80.73958343271096,16.91912466591864,0.8296718671556473,69.86916385369322,27.78954424493638,1.667106626512484
2026-08-07 13:00:00,37.84858845986153,79.88385912865228,15.555935582922906,0.8243028230802769,68.58162456455983,26.85817014701535,1.7479929032932497
2026-08-07 14:00:00,22.12912631977199,70.40643988755225,15.599607747175014,0.855741747360456,62.50010205027264,23.50594558445463,1.112391549387246
2026-08-07 15:00:00,36.84649045835579,73.32958242899424,21.25933612264883,0.8263070190832884,64.28534613097771,30.30357242066536,1.1352238314051764
2026-08-07 16:00:00,26.033493981577596,73.46612194882107,16.3430712730312,0.8479330120368448,64.77959168928703,25.029601532565238,1.2475507662471002
2026-08-07 17:00:00,33.96917491780738,80.07839115398093,17.263600934808647,0.8320616501643853,69.52937893930282,27.812613149486765,1.5981847077904046
2026-08-07 18:00:00,34.00589132282684,70.29565806631547,16.586594815588917,0.8319882173543464,61.271902605332734,25.61035027657165,1.2057216562223232
2026-08-07 19:00:00,31.073240522242756,71.56162872976861,17.48497414082356,0.8378535189555145,62.79328948151305,26.253313389079125,1.1799581334092284
2026-08-07 20:00:00,17.70869310163225,81.99874128059784,15.485966899222653,0.8645826137967355,72.99175522474455,24.492952955075943,1.5026929333734569
2026-08-07 21:00:00,40.05907486767714,72.678169930815,18.633418536357894,0.8198818502646458,62.943729306738184,28.367859160434712,1.2717538711549856
2026-08-07 22:00:00,24.623401949152075,79.79119161777813,15.473287945145504,0.8507531961016959,70.19195006119871,25.072529501724915,1.5334026431432672
2026-08-07 23:00:00,20.595555311995625,73.5727417157009,20.60249555475653,0.8588088893760087,66.09381383021096,28.081423440246468,0.9942931062592052
2026-08-08 00:00:00,16.223254246642917,71.49162089139018,16.63598457337303,0.8675534915067142,64.22618338989133,23.90142207487188,1.0304295602681595
2026-08-08 01:00:00,32.72678829564725,73.64758286499182,18.780083402231575,0.8345464234087056,64.5695588402572,27.858107426966193,1.2216501316298753
2026-08-08 02:00:00,35.32693085526847,80.83400397783488,21.160553612930208,0.8293461382894631,70.65049923147185,31.344058359293236,1.4388358154078378
2026-08-08 03:00:00,15.497634867835684,82.83544702159429,19.55614158333036,0.8690047302643287,74.54615733702298,27.845431267901674,1.3014386294132465
2026-08-08 04:00:00,30.36279174897843,82.45329796850487,18.730704505859347,0.8392744165020432,72.21144695221807,28.972555522146152,1.569264350425399
2026-08-08 05:00:00,21.79487325593814,75.95775294427682,17.27033627180763,0.8564102534881237,67.53084166084011,25.69724755524434,1.2429052646551075
2026-08-08 06:00:00,34.35518371228349,80.0212770485597,17.331013391407385,0.8312896325754331,69.44477963301856,27.907510806948522,1.5975775729082304
2026-08-08 07:00:00,20.23099287014974,73.07476443123731,19.68640868638733,0.8595380142597006,65.57572996790617,27.185443149718473,1.0102587073409304
2026-08-08 08:00:00,35.72813214307398,74.3972159539152,21.958975528548173,0.8285437357138521,65.4063511448429,30.949840337620465,1.1333860770185014
2026-08-08 09:00:00,26.602060389016124,83.4450372778168,19.63287432894565,0.8467958792219678,73.66875095829047,29.409160648471968,1.504781855275256
2026-08-08 10:00:00,43.101899662102035,70.19502885266104,18.904483921590174,0.8137962006757959,60.64453451708685,28.454978257164356,1.1829248813525277
2026-08-08 11:00:00,19.125628324379797,71.28262796281702,20.114553571674723,0.8617487433512404,64.20857737794438,27.188604156547356,0.9192828289915514
2026-08-08 12:00:00,25.231990531507755,73.11829382719041,18.256439285986026,0.8495360189369845,64.86356078442073,26.511172328755713,1.1346231253132641
2026-08-08 13:00:00,18.40420563721767,70.3979830581073,15.420996398205496,0.8631915887255647,62.87666885651031,22.94231059980249,1.071509348532485
2026-08-08 14:00:00,42.74080854835688,72.72153152634696,18.93607771114537,0.8145183829032863,62.74531857642276,28.912290661069576,1.2870720133346294
2026-08-08 15:00:00,41.32018060142943,78.74562341454538,21.70337699153766,0.8173596387971411,68.32740692402476,32.12159348205828,1.3925263941150963
2026-08-08 16:00:00,22.73824883145467,76.32136825888747,16.227120596503617,0.8545235023370907,67.5790675792764,24.969421276114694,1.320624924446641
2026-08-08 17:00:00,34.79952138102537,83.39007566615462,19.830034235744662,0.8304009572379493,72.6103534816408,30.609756420258478,1.6195261218674848
2026-08-08 18:00:00,39.51666600603647,82.2616534260766,16.406535820613396,0.8209666679879271,70.47139229112359,28.196796955566413,1.8410547243994544
2026-08-08 19:00:00,31.65602434798387,75.12726027546815,18.75079379131157,0.8366879513040323,65.92030403570098,27.95775003107873,1.2709424585248388
2026-08-08 20:00:00,30.889517350680194,73.89135150146939,15.676735147527037,0.8382209652986397,64.47344706221857,25.09463958677786,1.363852303586596
2026-08-08 21:00:00,22.25556872701355,75.695386122509,18.152596553807296,0.8554888625459729,67.37981214965819,26.468170526658113,1.1986205281747813
2026-08-08 22:00:00,17.793083034176977,78.85442413772212,20.29314330226672,0.8644138339316461,70.91432458919056,28.233242850798284,1.1579167786784035
2026-08-08 23:00:00,41.91647273859981,74.02095461234315,17.433000669672875,0.8161670545228004,63.61822436053396,27.835730921482067,1.416574738260018
2026-08-09 00:00:00,42.01254171489991,79.362233617737,19.654382071410527,0.8159749165702002,68.37449125551018,30.64212443363735,1.5423253090661724
2026-08-09 01:00:00,33.99304371819804,76.1411747828686,20.568149725528105,0.8320139125636039,66.80567973648117,29.903644771915538,1.2518040979656384
2026-08-09 02:00:00,25.17089373146102,78.2807077127797,21.490244736356168,0.849658212537078,69.74272799805729,30.02822445107858,1.183900731535371
2026-08-09 03:00:00,25.476287238379825,76.54189793702974,16.642494572988173,0.8490474255232404,67.4999287896058,25.68446372041211,1.349882805974448
2026-08-09 04:00:00,36.77867036610718,74.41698639312877,17.795211410665157,0.8264426592677857,64.58986169963455,27.622336104159373,1.3527643288592854
2026-08-09 05:00:00,41.913307798577314,84.22679960443236,16.066912093312922,0.8161733844028454,71.69719816378051,28.596513533964767,2.0038861546703095
2026-08-09 06:00:00,41.61259272795352,81.4540869123964,21.947384515108627,0.816774814544093,70.55096032978389,32.85051109772114,1.5060785763502889
2026-08-09 07:00:00,38.396266375728715,72.1016976364968,21.489006775470067,0.8232074672485425,63.15375182980934,30.436952582157524,1.0907022412186305
2026-08-09 08:00:00,34.26094938462863,83.02701963846869,18.779699911963917,0.8314781012307427,72.19993932732254,29.606780223110064,1.6538751657859532
2026-08-09 09:00:00,17.524198949851467,77.31146797374271,20.89423306063495,0.8649516021002971,69.69241078479632,28.51329024958133,1.0737531325917746
2026-08-09 10:00:00,19.84886142283841,83.41828340341137,18.646705840904296,0.8603022771543232,74.369841512807,27.695147731508662,1.4413547504581263
2026-08-09 11:00:00,41.956625655812374,81.99782883920973,19.365099816019317,0.8160867486883753,70.47884000603483,30.88408864919422,1.6850065147309152
2026-08-09 12:00:00,33.1928717897877,76.3782025670385,15.623871024812116,0.8336142564204246,66.26954793770511,25.732525654145505,1.508451470225484
2026-08-09 13:00:00,15.27591154849889,70.33703962480176,20.286892943477653,0.8694481769030022,63.802901729282745,26.82103083899667,0.839914788453884
2026-08-09 14:00:00,18.044146285980965,74.03016039077418,15.893994385446645,0.8639117074280381,66.11850882242902,23.80564595379181,1.1782581083947148
2026-08-09 15:00:00,34.905053073241675,78.124513219913,20.782473411767697,0.8301898938535167,68.38725535343598,30.51973127824472,1.3355335505143675
2026-08-09 16:00:00,15.15184751538656,79.5021732973922,20.4741966136927,0.8696963049692269,71.81060982531584,28.165760085769065,1.1347751620826
2026-08-09 17:00:00,19.82424154252496,73.86831528149803,19.961212884200833,0.8603515169149502,66.34027020420501,27.48925796149385,1.021668028656135
2026-08-09 18:00:00,31.462013680997583,72.09034111109236,15.253122663673334,0.8370759726380048,62.830192577585365,24.51327119718033,1.316345507837482
2026-08-09 19:00:00,35.7568559307808,82.52395355198949,17.1218984916173,0.8284862881384384,71.30660432521083,28.339247718395967,1.7501265410581321
2026-08-09 20:00:00,34.55883778507801,84.76603271055328,16.8417879893759,0.830882324429844,73.27884232844931,28.328978371479863,1.8564929493061821
2026-08-09 21:00:00,21.728079283816793,77.88535273454029,17.520954852300633,0.8565438414323664,69.22570810010599,26.180599486734934,1.3054544727751278
2026-08-09 22:00:00,36.36537664042608,72.57518928772456,15.61349922734687,0.8272692467191478,62.73615365544509,25.45253485962634,1.381456613190368
2026-08-09 23:00:00,22.117472624904003,74.08460989779053,21.55870476121744,0.855765054750192,66.5085388462203,29.134775812787666,0.9905339266187058
2026-08-10 00:00:00,24.76199094477803,70.275860148212,18.876615684986632,0.8504760181104439,62.59044044995583,26.562035383242808,0.9971015077555414
2026-08-10 01:00:00,37.394742153540726,83.71448209840749,17.138670174606165,0.8252105156929186,72.07773026492102,28.775422008092633,1.8343311585434816
2026-08-10 02:00:00,34.48898697141644,71.76626624335212,17.778870619519985,0.8310220260571671,62.64358551238681,26.9015513504853,1.2136054478994316
2026-08-10 03:00:00,40.47670231482534,78.6477471327138,18.13041778353385,0.8190465953703493,67.6969303478858,29.081234568361857,1.5751345134529546
2026-08-10 04:00:00,34.7283867690103,74.1108283103081,19.20416033352432,0.8305432264619794,64.80652150923896,28.508467134593452,1.2434695020642115
2026-08-10 05:00:00,32.04925810006415,78.3126700377369,18.609755993875485,0.8359014837998717,68.51551043031544,28.40691560129693,1.4182333722495117
2026-08-10 06:00:00,17.810243034842774,79.77130582527796,21.43574381250092,0.8643795139303144,71.85980854995685,29.347241087822027,1.1418520898875197
2026-08-10 07:00:00,26.031474091783004,82.44612705560803,18.478744380340814,0.847937051816434,72.71905825842053,28.205813177528313,1.513035826859337
2026-08-10 08:00:00,22.956071030451763,73.09631907640905,21.945106103763187,0.8540878579390965,65.63273602255681,29.40868915761542,0.9499515329180908
2026-08-10 09:00:00,22.319689301372506,70.16493742987721,20.95997470421567,0.855360621397255,63.0479621970663,28.076949937026583,0.8831665094017156
2026-08-10 10:00:00,44.190316642573364,72.05328445103211,16.45957360050135,0.8116193667148532,61.58050599433779,26.932352057195672,1.4059264515883263
2026-08-10 11:00:00,26.792931740002814,83.50027962772158,21.514166502507415,0.8464141365199944,73.98008891961626,31.034357210612733,1.4137019355791154
2026-08-10 12:00:00,41.7613966553134,83.10835116343773,15.814564785198332,0.8164772066893732,70.75840751485462,28.164508433781435,1.958762582103905
2026-08-10 13:00:00,33.93415877991789,78.96119653255462,20.72214795943834,0.8321316824401642,69.18470543230003,30.498639059692934,1.362051437417197
2026-08-10 14:00:00,38.84433910624945,79.0077529065048,17.66436305433606,0.8223113217875011,68.10772704659892,28.564388914241945,1.5964306355006437
2026-08-10 15:00:00,30.079112793155765,79.97555011819384,21.145820243115487,0.8398417744136885,70.55348496967926,30.567885391630064,1.3325733169281229
2026-08-10 16:00:00,32.30711653879077,72.63056917935174,21.076396830752152,0.8353857669224185,64.14401863623756,29.56294737386633,1.0691921129572084
2026-08-10 17:00:00,29.77553081456592,83.71617918887439,20.64147780082335,0.8404489383708682,73.65254362047037,30.705113369227377,1.513244419156262
2026-08-10 18:00:00,20.857289633941335,76.2815578733811,20.530213054149428,0.8582854207321173,68.38077949870504,28.430991428825493,1.0963676670556441
2026-08-10 19:00:00,36.67356345784516,75.74707792374247,17.132753973686285,0.8266528730843097,65.5864532708947,27.293378626534057,1.4458064775892303
2026-08-10 20:00:00,23.423170873225672,77.78376557924257,15.566434981358766,0.8531536582535487,68.64737818771378,24.702822372887553,1.4236852426127986
2026-08-10 21:00:00,15.729478992943616,70.70448950162583,17.82086125135613,0.8685410420141128,63.752462837332345,24.77288791564962,0.9500391915708748
2026-08-10 22:00:00,34.364168877215036,72.4942505313412,16.21467160490556,0.8312716622455699,62.99829072956446,25.710631406682296,1.3213866364388678
2026-08-10 23:00:00,20.31332038221147,81.07050424639556,19.86465762231723,0.8593733592355771,72.46333164050893,28.471830228203864,1.297662125042044
2026-08-11 00:00:00,43.21375753058743,71.2419800188769,17.422698085764498,0.8135724849388252,61.20858502570998,27.456093078931417,1.3060430155526752
2026-08-11 01:00:00,43.617857310077625,79.04728164199582,21.829271406019405,0.8127642853798448,68.33402660631943,32.5425264416958,1.4263852827145835
2026-08-11 02:00:00,42.44593170661346,73.68023664521982,19.486804541417325,0.8151081365867731,63.66031199878958,29.50672918784757,1.297388383003703
2026-08-11 03:00:00,26.10476100766333,75.83943421062965,20.757363945440527,0.8477904779846733,67.45541862395056,29.141379532119615,1.1358876732975334
2026-08-11 04:00:00,15.463698495866023,74.3304060515605,15.927672709192938,0.8690726030082679,66.68388819784208,23.57419056291136,1.1497547960855028
2026-08-11 05:00:00,42.84955687763176,75.33509074697423,21.034101375908357,0.8143008862447365,65.25144514473331,31.117746978149277,1.2938946951569832
2026-08-11 06:00:00,27.84552444951943,80.78568857776368,21.45930033359376,0.8443089511009612,71.54910096463726,30.695887946720177,1.3199672461905005
2026-08-11 07:00:00,43.999644571310085,74.45682573434763,18.409433431732552,0.8120007108573799,63.91995582315844,28.946303342921745,1.4073996057168616
2026-08-11 08:00:00,43.90859931267758,78.49606960445345,19.24377056425684,0.8121828013746448,67.36746878661191,30.372371382098386,1.548930356707682
2026-08-11 09:00:00,40.5902836640208,77.1407560329865,20.35366860632097,0.8188194326719584,66.85203931611615,30.64238532319132,1.3841496932036081
2026-08-11 10:00:00,23.83346676208757,79.95506748043972,16.22387039082289,0.8523330664758249,70.54407703639117,25.63486083487144,1.4879356834025559
2026-08-11 11:00:00,26.552931858057757,84.05244608987137,18.517962535244095,0.8468941362838845,74.01873238205059,28.551676243064875,1.5894038927354626
2026-08-11 12:00:00,40.534100145505704,80.98858145815376,17.79064119440619,0.8189317997089887,69.54544415249815,29.233778500061803,1.7088650202495497
2026-08-11 13:00:00,24.50766015468833,73.22410567886135,16.024617945135745,0.8509846796906233,64.70050569268795,24.54821793130914,1.2324469867158578
2026-08-11 14:00:00,20.084782400582775,70.46774702591927,17.572740956040718,0.8598304351988345,63.05347704494938,24.987010937010602,1.0047179176340801
2026-08-11 15:00:00,31.704037873750504,73.93396066449738,15.477206165698455,0.8365919242524991,64.38165489740459,25.029511932791245,1.3871037511623017
2026-08-11 16:00:00,43.08464322482343,78.92616896050382,15.18068334864641,0.8138307135503532,67.05871738975809,27.04813491939214,1.802746540277662
2026-08-11 17:00:00,35.88089390024919,70.77138720226375,15.946164024083759,0.8282382121995017,61.35450885261824,25.36304237372927,1.279510082440563
2026-08-11 18:00:00,32.10183510268095,77.44549370801855,21.741805781124217,0.8357963297946381,68.29874370644839,30.888555782694368,1.2255304843683728
2026-08-11 19:00:00,17.915294813123054,78.95264273375334,18.846706751265117,0.8641694103737539,70.78841800921455,27.0109314758039,1.2272263323036556
2026-08-11 20:00:00,33.45021680097509,75.01365836225442,21.76075512807254,0.8330995663980498,66.12572572190678,30.64868776842018,1.1427971149929388
2026-08-11 21:00:00,44.7016155031279,81.56368305618733,18.027485148310923,0.8105967689937442,69.52972188658262,30.06144631791563,1.7837500467371692
2026-08-11 22:00:00,19.202520457095723,71.59897379700658,17.182712931596818,0.8615949590858085,64.06748898553222,24.714197743071175,1.0499856524766213
2026-08-11 23:00:00,30.5498895709121,71.12706672603713,18.542993039881708,0.8389002208581758,62.65578406882008,27.014275697098753,1.107407958729904
2026-08-12 00:00:00,41.32119215783867,80.92283134305404,18.07658182043037,0.8173576156843227,69.44444248494406,29.55497067854035,1.6999842443388749
2026-08-12 01:00:00,37.22305853262613,77.43236974309298,15.739652789832208,0.8255538829347477,66.67031481939098,26.501707713534202,1.609217456263835
2026-08-12 02:00:00,35.910472229858044,80.32603594641604,19.485784202831443,0.8281790555402839,69.87240643066644,29.939413718581037,1.5143503574571142
2026-08-12 03:00:00,36.07452251961328,76.52241007905619,16.512267277567197,0.8278509549607734,66.19172130311225,26.842956053511138,1.5069180662636363
2026-08-12 04:00:00,25.784734536592655,73.69603049858661,19.337115684284807,0.8484305309268148,65.45687864078837,27.576267542083045,1.1146764616909646
2026-08-12 05:00:00,23.8077553279348,82.286534765113,19.551407646787073,0.8523844893441305,73.02585693948043,28.81208547241964,1.4158116031552082
2026-08-12 06:00:00,39.28083466435541,81.9912381845347,16.064173971900537,0.8214383306712892,70.21919154478563,27.8362206116496,1.8448475647966933
2026-08-12 07:00:00,39.30340184037542,80.42044706281641,15.429447389774676,0.8213931963192491,68.8126123431977,27.037282109393388,1.805234186885362
2026-08-12 08:00:00,41.01216955740311,74.08217705844945,20.465331102479077,0.8179756608851938,64.32260610789356,30.22490205303496,1.2491035214051776
2026-08-12 09:00:00,42.397216576694134,78.8534600030363,18.21860296638524,0.8152055668466117,67.64847596761163,29.423587001809913,1.605742324093927
2026-08-12 10:00:00,30.340271965828133,75.4146084541004,15.40714656853833,0.8393194560683438,65.77257683837016,25.049178184268577,1.4360662006221891
2026-08-12 11:00:00,30.045488840615988,71.37373109989952,21.96406422018837,0.8399090223187681,63.46368922222258,29.874106097865308,0.9610557470268973
2026-08-12 12:00:00,38.948855369003255,83.75970363193365,15.404463926974566,0.8221022892619935,71.59946297147374,27.56470458743447,1.971749104733112
2026-08-12 13:00:00,34.498917923332954,72.05227946378442,19.865246602009872,0.831002164153334,63.23278385088568,28.68474221490861,1.1252774970562431
2026-08-12 14:00:00,36.059006317731104,84.25356030731203,21.885752476843894,0.8278819873645378,73.51893717110144,32.62037561305448,1.563068829967157
2026-08-12 15:00:00,38.873780083083034,76.69008659436933,16.67426072951148,0.822252439833834,66.02241997553338,27.341927348347433,1.5439950256075055
2026-08-12 16:00:00,41.70016025452699,72.7769939325793,15.995745580810373,0.816599679490946,62.36329478596069,26.409444727428983,1.4358416835826506
2026-08-12 17:00:00,25.139854705546075,78.12851421067538,15.849694575957002,0.8497202905889079,68.76927129350409,25.20893749312829,1.4510609848255827
2026-08-12 18:00:00,26.26748857919832,83.09418753814613,17.12292603297317,0.8474650228416034,73.03126267134397,27.185850899775332,1.617717026263873
2026-08-12 19:00:00,17.81945819522607,80.98337329614341,15.707320677074527,0.8643610836095479,72.12940025264678,24.561293720571165,1.4524913742458747
2026-08-12 20:00:00,32.34840422988522,82.09841721792175,19.845129391858922,0.8353031915402296,71.84549939684173,30.098047212938937,1.5233028481694895
2026-08-12 21:00:00,16.078268213902263,79.88175050066076,15.436042586910439,0.8678434635721954,71.36482895514155,23.95296413242965,1.3907544727310468
2026-08-12 22:00:00,28.967940543973803,80.38414846776779,18.565954897048528,0.8420641189120525,70.62083759891095,28.32926576590536,1.4656624099810598
2026-08-12 23:00:00,31.2793390412273,82.7379347734798,21.976877976970837,0.8374413219175454,72.86069770174635,31.854115048704287,1.4232820021499422
2026-08-13 00:00:00,23.596237563848533,73.74502013288779,20.69779188654213,0.8528075248723029,65.93686730864428,28.50594471078564,1.0313948173818654
2026-08-13 01:00:00,32.724997817070324,77.34137445464711,19.306536067617074,0.8345500043658594,67.73951069688493,28.90839982537925,1.3496138132294666
2026-08-13 02:00:00,15.915007498171484,73.31814162729404,17.14377534550628,0.868169985003657,65.9126740779559,24.549242894844426,1.0686872832588206
2026-08-13 03:00:00,16.12044566247643,84.81502011994971,19.367270854041468,0.8677591086750471,76.16015142181398,28.022139552177194,1.3963032384740575
2026-08-13 04:00:00,39.67801681978975,84.1608900952992,18.68929024738156,0.8206439663604206,72.418163630539,30.43201671214176,1.7985020777009324
2026-08-13 05:00:00,25.805719242337886,70.59140217052759,17.9825836872326,0.8483885615153243,62.615303523296035,25.958682334464157,1.0587287525474334
2026-08-13 06:00:00,18.811815379556542,80.58362758773532,15.914972637181396,0.8623763692408869,71.6836924971318,24.814907727784913,1.4437386728040922
2026-08-13 07:00:00,30.667297801644132,83.87872476123499,21.20622950668327,0.8386654043967118,73.76748308389288,31.31747118402538,1.5039479990763103
2026-08-13 08:00:00,38.09980659295832,72.70863017691,18.148492541749256,0.8238003868140834,63.09515503022431,27.76196768843495,1.2759867476197622
2026-08-13 09:00:00,21.474630824905297,78.51917845828945,16.362357582745354,0.8570507383501894,69.6339068076309,25.247629233403906,1.3829034457130198
2026-08-13 10:00:00,33.68671427457001,83.73232446382063,17.57431545614103,0.83262657145086,72.65923167022041,28.647408249741254,1.7476585352112681
2026-08-13 11:00:00,17.56042394981304,70.50918967878698,17.898908267702488,0.8648791521003739,63.40044384628331,25.00765410020616,0.9626283145261652
2026-08-13 12:00:00,16.55045163505823,80.4613040087026,20.792765268968118,0.8668990967298835,72.519367605636,28.73470167203471,1.176059872665406
2026-08-13 13:00:00,30.94063894704444,74.46023511058826,20.135300663929815,0.8381187221059111,65.66604530085058,28.929490473667485,1.1686947497581264
2026-08-13 14:00:00,31.219053648303195,83.86594293064796,20.38513425548938,0.8375618927033937,73.55424051979722,30.69683666634012,1.5557623784372592
2026-08-13 15:00:00,34.1228970449462,84.56587367748051,15.07721885100053,0.8317542059101076,72.87469976596094,26.7683927625201,1.9476430727112646
2026-08-13 16:00:00,36.78274001167985,84.16399733670151,17.91307798725833,0.8264345199766403,72.66512471782652,29.41195060613333,1.7994594101964807
2026-08-13 17:00:00,44.275562383876036,77.11321324986196,18.369409061447264,0.811448875232248,66.03700289699978,29.44561941430944,1.5376830843087634
2026-08-13 18:00:00,30.48901044903586,82.9306397648397,15.134345937761397,0.8390219791019283,72.01692656033248,26.048059142268613,1.7976589408830879
2026-08-13 19:00:00,24.688694188237378,82.66824097802606,16.81869246121524,0.8506226116235253,72.8318073948149,26.655126044426396,1.5879099541874135
2026-08-13 20:00:00,38.85558584306111,74.78650709864884,20.322028761854945,0.8222888283138778,65.10756083814377,30.000975022360016,1.2630301209472319
2026-08-13 21:00:00,23.124967537862226,82.43373211226016,15.959767940102994,0.8537500649242755,72.71191916785614,25.681580884507014,1.5958679032716367
2026-08-13 22:00:00,28.169142621169083,70.55511452073239,18.74717092016814,0.8436617147576618,62.45554945628841,26.846735984612124,1.0502198231698385
2026-08-13 23:00:00,17.35369144026798,78.9440481772308,16.50641310412066,0.865292617119464,70.53323776328216,24.9172235180693,1.3254841547175995
2026-08-14 00:00:00,15.760522302463725,73.45013255931555,15.084845422507254,0.8684789553950726,65.77386902641598,22.761108955406826,1.1589882310356865
2026-08-14 01:00:00,43.87945244033775,71.80850328665919,16.68841020319679,0.8122410951193245,61.45921497238739,27.037698517468584,1.378519845665625
2026-08-14 02:00:00,40.079403615366175,71.15429802443813,21.831116284370378,0.8198411927692677,62.268292433322884,30.71712187548563,1.0529759027976733
2026-08-14 03:00:00,35.87922618281094,80.4443316381721,20.610759783180928,0.8282415476343782,70.1674099368516,30.887681484501428,1.4582709090374553
2026-08-14 04:00:00,27.268588332428095,75.09812445652099,21.717036510247233,0.8454628233351438,66.84876183800546,29.966399128762767,1.0790362066495818
2026-08-14 05:00:00,20.19882960212537,80.87150157293142,18.41497830748454,0.8596023407957493,72.10275190442685,27.183727975989108,1.3567329702872206
2026-08-14 06:00:00,19.69311128013258,70.98034511198414,15.768153390742524,0.8606137774397349,63.284526268687124,23.463972234039538,1.094555293437478
2026-08-14 07:00:00,22.50728694493786,74.72935506745915,18.83571642281585,0.8549854261101243,66.62396287625151,26.94110861402349,1.1347833021571243
2026-08-14 08:00:00,31.476799941183614,78.09236938563006,18.180641341919724,0.8370464001176328,68.32953762573409,27.943473101815698,1.4231217015514785
2026-08-14 09:00:00,36.437877681001865,81.86084747258445,20.910499579177312,0.8271242446379963,71.32401004093478,31.447337010826985,1.5132515538904319
2026-08-14 10:00:00,34.80592130153194,74.78128754398105,15.686578065489712,0.8303881573969362,64.7581249812414,25.70974062822937,1.4556703720081772
2026-08-14 11:00:00,23.398016908378285,79.38837064655513,18.417687959152445,0.8532039661832435,70.43811624894443,27.36794235676315,1.3474621778025193
2026-08-14 12:00:00,43.64595841989582,83.28966622354281,16.05034065285789,0.8127080831602084,70.69628405039441,28.64372282600629,1.9838308544363945
2026-08-14 13:00:00,37.13690750087305,79.23794782273457,17.27273148823042,0.8257261849982539,68.43903317471202,28.071646136252966,1.6053788993418785
2026-08-14 14:00:00,31.63062157534202,73.4943921213045,20.161499541714598,0.836738756849316,64.78719777793876,28.86869388508034,1.1372508404264683
2026-08-14 15:00:00,33.35162238703057,70.36601172334807,18.332126905581365,0.8332967552259389,61.69179428602661,27.00634434290282,1.1178351311990378
2026-08-14 16:00:00,27.588001872833697,83.05148310851395,17.631217996020386,0.8448239962543326,72.8998278043751,27.78287330015924,1.6106994757765773
2026-08-14 17:00:00,22.431929685034724,70.31904116275581,17.761333949990245,0.8551361406299306,62.70532885627246,25.375046256473595,1.0193236686911133
2026-08-14 18:00:00,25.679180359537845,83.12052509026299,18.216127378841907,0.8486416392809243,73.29670184920337,28.039950619901518,1.5501202628468718
2026-08-14 19:00:00,37.735383313931074,77.93405701040818,20.4951158068594,0.8245292333721379,67.85520196312878,30.573970854138807,1.3772764736052474
2026-08-14 20:00:00,15.431804658892677,84.08601547769344,21.24459282258164,0.8691363906822147,75.86236009438107,29.468248205894,1.2706409196006565
2026-08-14 21:00:00,18.482179215207488,81.98174853660498,21.6873428055275,0.863035641569585,73.72356393870481,29.94552740342767,1.2211344628655083
2026-08-14 22:00:00,16.380079260652582,84.96901165800006,20.508323703787067,0.8672398414786948,76.41120050680635,29.066134854980774,1.3532437067892107
2026-08-14 23:00:00,16.221864069569104,75.26067723177565,17.207848270236088,0.8675562718608618,67.57194413508562,24.896581366926114,1.139083967449372
2026-08-15 00:00:00,40.66381752033021,81.50782433396691,19.816942942605795,0.8186723649593396,70.32156270769751,31.00320456887519,1.6167567622729198
2026-08-15 01:00:00,36.109735781400715,76.02896370413863,18.063221868387743,0.8277805284371986,66.04613427643984,28.04605129608653,1.4011834686380011
2026-08-15 02:00:00,29.225214872619755,77.19813430455864,16.78269435432236,0.8415495702547605,67.62528188119599,26.355546777685007,1.4251757726005445
2026-08-15 03:00:00,17.935024819530042,79.41258194827554,20.88610105598146,0.86412995036094,71.46058608424005,28.83809692001695,1.1544217503955376
2026-08-15 04:00:00,29.74847625350497,83.10515671279508,15.268984442736276,0.8405030474929901,72.28549396598015,26.088647189551203,1.7846937114327708
2026-08-15 05:00:00,29.204153123416972,84.76125203798942,21.312333944947966,0.8415916937531661,74.71041638967662,31.363169593260764,1.5144470119172138
2026-08-15 06:00:00,20.196056097300456,81.52410120796777,18.230342252373138,0.8596078878053991,72.6381566994559,27.116286760885004,1.3915412670335765
2026-08-15 07:00:00,28.01554947713919,76.26650173251001,19.46041033765796,0.8439689010457216,67.40298486487407,28.3239272052939,1.2365967846503902
2026-08-15 08:00:00,26.955142031921206,76.32035503415605,19.615477455440477,0.8460897159361576,67.59289121821053,28.342941271386003,1.217705656118672
2026-08-15 09:00:00,33.47550294156649,81.06373452383338,21.265824184945757,0.8330489941168671,71.08041324304669,31.24914546573244,1.4184250664211848
2026-08-15 10:00:00,34.052809526029314,73.58165718652454,19.45668777517045,0.8318943809479414,64.48294569745512,28.555399264239867,1.2015101586287413
2026-08-15 11:00:00,16.359120293161336,71.65711169697092,19.297535093320434,0.8672817594136774,64.70804081228964,26.24660597800171,0.9315690714077185
2026-08-15 12:00:00,26.238378438794136,75.31933236461165,15.46656428392483,0.8475232431224118,66.1931763975221,24.59272025101439,1.369225984867326
2026-08-15 13:00:00,33.77579747142709,74.30858487481123,18.62885615361643,0.8324484050571459,64.9793575215896,27.95808350683805,1.2689763263382314
2026-08-15 14:00:00,30.094087757402633,74.44462180683985,16.05118300571929,0.8398118244851948,65.09068338325291,25.405121429306234,1.357416866449204
2026-08-15 15:00:00,40.69469523564967,73.50411626574865,20.1620363810504,0.8186106095287007,63.828428908991874,29.837723737807174,1.2363372481084707
2026-08-15 16:00:00,34.760808948568354,70.63139784454543,18.58555344568872,0.8304783821028633,61.80850209722861,27.408449193005538,1.1315252557012259
2026-08-15 17:00:00,19.88803281244289,70.26810902100121,19.761594454458475,0.8602239343751142,63.208507126463886,26.821196348995798,0.907722111144972
2026-08-15 18:00:00,17.117062422012896,84.81583584604047,15.29171030421669,0.8657658751559743,75.48332569838757,24.62422045186959,1.617673727647806
2026-08-15 19:00:00,34.27257834618947,76.41659700603793,15.593544112320622,0.8314548433076211,66.1651660255575,25.844975092801057,1.5274641567683236
2026-08-15 20:00:00,15.795339316248654,75.76489970739523,20.014263716438776,0.8684093213675027,68.42863568315195,27.350527740682054,1.0334765096337197
2026-08-15 21:00:00,32.5732674382039,80.19470924039605,15.504590351990714,0.8348534651235923,69.51136026523307,26.1879393271537,1.6818523875981413
2026-08-15 22:00:00,43.20690724274873,73.27380831797596,15.49879709435681,0.8135861855145026,62.50374809383869,26.268857318494085,1.5056430423600486
2026-08-15 23:00:00,32.26422533627637,84.24941775925338,15.084759326644212,0.8354715493274473,72.86986366603988,26.46431341985771,1.8971135975174729
2026-08-16 00:00:00,26.645097786195656,81.79517521623328,21.69550978809636,0.8467098044276087,72.58248574891888,30.90819925541075,1.3326041953044978
2026-08-16 01:00:00,34.29864655327059,71.3411650346839,20.16255851621305,0.8314027068934589,62.71259051070493,28.791133040192022,1.0813771559500178
2026-08-16 02:00:00,28.7475867147455,76.26371163677392,17.472759859514447,0.8425048265705091,67.00442049052961,26.732051005758755,1.3435288484098318
2026-08-16 03:00:00,31.36850367947805,83.18677461343248,17.075749069013586,0.837262992641044,72.42806416290226,27.8344595195438,1.7119331969796459
2026-08-16 04:00:00,43.24394426329576,84.17098033437115,17.447922608220946,0.8135121114734085,71.72793818298352,29.89096475960858,1.933043829046061
2026-08-16 05:00:00,26.58307913402323,77.01102266874804,20.422574718268272,0.8468338417319535,68.34358749382174,29.09000989319457,1.2022428802881062
2026-08-16 06:00:00,43.83571691471742,79.20117083816062,19.6295942774929,0.8123285661705651,68.02128764954016,30.809477466113364,1.5595168102485857
2026-08-16 07:00:00,42.160519258681916,72.50550919138112,16.296368975072276,0.8156789614826362,62.14498209254295,26.656896073910445,1.4122199139474763
2026-08-16 08:00:00,20.873734043678894,84.86752939205465,16.21876534733859,0.8582525319126423,75.13674090138971,25.949553838003524,1.6454162674691848
2026-08-16 09:00:00,17.080839026254964,73.47507552075164,15.68876954799378,0.8658383219474901,65.72236774299068,23.44147732575474,1.1529077277147224
2026-08-16 10:00:00,18.0233400413228,84.14097661202689,19.622119037909368,0.8639533199173545,75.36340023634315,28.399695413593108,1.3913004111454788
2026-08-16 11:00:00,15.546654769546493,79.74469973488553,20.350608635552152,0.8689066904609071,71.95853176560753,28.136776604830146,1.1544622552895514
2026-08-16 12:00:00,17.83328882267785,79.11605192318288,16.855324998275027,0.8643334223546443,70.66935217956858,25.302024741889326,1.3236592577844384
2026-08-16 13:00:00,35.490203202490704,77.69032766524762,15.14661472721639,0.8290195935950186,66.99657820902655,25.840364183437458,1.6299585404231929
2026-08-16 14:00:00,17.13565945380687,73.46004717576638,15.575201672334991,0.8657286810923863,65.6877726252572,23.347476222844172,1.1581372441096505
2026-08-16 15:00:00,24.569268908812838,72.64792048008262,21.775020243915215,0.8508614621823744,65.06081052431867,29.362130199679164,0.9585708513322497
2026-08-16 16:00:00,40.34625932908364,73.30729313605264,17.068113442341943,0.8193074813418327,63.145294109926795,27.23011246846778,1.3852124169046638
2026-08-16 17:00:00,15.698158072074776,72.79657393216382,20.384562034866935,0.8686036838558505,65.90982864715568,27.271307319875078,0.9191015232391392
2026-08-16 18:00:00,39.43405447766807,81.6937671035013,19.372644981979846,0.8211318910446639,70.5465058416502,30.519906243830945,1.6340444321350531
2026-08-16 19:00:00,23.455643243201997,75.25187888750095,17.67357747757027,0.853088713513596,66.79297655366611,26.132479811405112,1.220120805003369
2026-08-16 20:00:00,18.544944828649687,70.86764014845095,16.439810835368885,0.8629101103427006,63.4061350336342,23.901315950185634,1.0469383588269363
2026-08-16 21:00:00,35.90211496092452,84.53653945211217,15.849704927115845,0.828195770078151,72.7358507407757,27.650393638452307,1.9299334052793249
2026-08-16 22:00:00,33.86828540339652,83.25678827445138,19.305090776272067,0.832263429193207,72.52974983883342,30.032129211890023,1.628679587879538
2026-08-16 23:00:00,41.32416040581159,83.91628424792819,20.422436464464518,0.8173516791883768,72.31923956840976,32.01948114398295,1.7069266312960212
2026-08-17 00:00:00,37.05213131411657,84.92361733969653,19.507329774787916,0.8258957373717669,73.53436282933167,30.896584285152784,1.7455711448988915
2026-08-17 01:00:00,39.10442791154546,72.6084287382923,18.712114932744107,0.8217911441769091,63.0036283219233,28.31691534911311,1.2542363330411332
2026-08-17 02:00:00,23.461037177139197,75.94363028353987,15.293658564021454,0.8530779256457216,67.0328106289799,24.20447821858143,1.3619981349397412
2026-08-17 03:00:00,20.323186313391684,81.37357713556136,21.779421443160686,0.8593536273732166,72.99187530766943,30.161123271052617,1.2214886958258795
2026-08-17 04:00:00,37.51844254922575,80.44030927080688,20.590999341582023,0.8249631149015485,69.96447248550353,31.066836126885363,1.481061753336382
2026-08-17 05:00:00,39.20504217801792,72.30843859509783,17.049754256906752,0.8215899156439642,62.449732060917604,26.908460791086974,1.3281583894407454
2026-08-17 06:00:00,44.7151542600202,82.23749687485926,21.859792305511952,0.8105696914799596,70.80012967055595,33.297159509815266,1.587568587120196
2026-08-17 07:00:00,27.378530307342793,73.36660857754991,19.213171127454252,0.8452429393853145,64.98598177559188,27.593797929412283,1.1268114316903701
2026-08-17 08:00:00,26.160542573783495,73.35726422233935,19.076958607450727,0.8476789148524331,65.08922916893795,27.344993660852133,1.1180561478462234
2026-08-17 09:00:00,38.29238882225991,78.05461634340121,20.236512256006726,0.8234152223554803,67.84481928930096,30.446309310106976,1.4031753480705795
2026-08-17 10:00:00,25.224106207590538,78.89409902262554,20.682388516630965,0.849551787584819,70.13625123536863,29.440236303887872,1.245741928574739
2026-08-17 11:00:00,42.922719768106944,78.70129311756716,19.595350251320518,0.8141545604637861,67.71672318638721,30.579920182500466,1.5261412733766697
2026-08-17 12:00:00,40.75238255529035,71.37230256096632,15.896670224563401,0.8184952348894193,61.30321094438657,25.96576184114315,1.365724665092811
2026-08-17 13:00:00,27.86982082125055,83.1619129394557,17.36787254196149,0.8442603583574989,72.91517266573771,27.61461281567948,1.6348918834498807
2026-08-17 14:00:00,37.52613203374492,73.9840006388306,21.49658548228235,0.8249477359325101,64.79595978062653,30.68462634048641,1.1574374591289256
2026-08-17 15:00:00,37.63628622254047,71.94272381924206,16.572309282906964,0.8247274275549191,62.23780882610811,26.27722427604092,1.3186704058107215
2026-08-17 16:00:00,18.093716065077977,83.33122119803465,17.605169166862595,0.8638125678698441,74.3801589478563,26.556231417040948,1.4582763626719828
2026-08-17 17:00:00,42.076587200386996,84.3347724734463,18.024538180609373,0.815846825599226,72.12353233316132,30.23577832089434,1.8862459803116118
2026-08-17 18:00:00,30.157571173435713,82.93191425898176,18.075834927861166,0.8396848576531286,72.53450266895318,28.47324651788975,1.623544730089105
2026-08-17 19:00:00,39.79372398323225,82.14274112087317,19.290577077461677,0.8204125520335355,70.85528138114731,30.578036817187538,1.6655052840352824
2026-08-17 20:00:00,24.601488030918354,79.82862970958533,21.601530864212954,0.8507970239381633,71.14097327440903,30.289187299389248,1.2307996517004163
2026-08-17 21:00:00,41.86569685488601,78.2628605591371,16.684848982827535,0.816268606290228,66.94904667034527,27.99866287161936,1.6600636268944526
2026-08-17 22:00:00,26.676050362024895,71.30480139867115,15.850509634106427,0.8466478992759502,62.80076926241077,24.354541770366808,1.1934311490177256
2026-08-17 23:00:00,15.32512954440895,76.12679819606048,16.382293429019562,0.8693497409111821,68.32116316911348,24.187928455966563,1.192888118504307
2026-08-18 00:00:00,42.16145929257791,75.59032775518472,21.208474301464886,0.8156770814148442,65.56650580852484,31.23229624812477,1.2886140205373344
2026-08-18 01:00:00,17.738600303584008,73.8963067564049,19.520675688586444,0.864522799392832,66.5296484780887,26.887333966902638,1.0147992991732964
2026-08-18 02:00:00,24.579409127712445,80.85130170532878,17.00134752467412,0.8508411817445751,71.32751799407932,26.52513123592358,1.4980711953759906
2026-08-18 03:00:00,43.50185901152415,77.43813602618157,20.71162857278032,0.8129962819769517,66.83006822193337,31.319696377028514,1.4124610677072331
2026-08-18 04:00:00,43.51821440812668,71.21569323861472,21.029589974544052,0.8129635711837466,61.82906370789922,30.416219505259548,1.1249857797976828
2026-08-18 05:00:00,32.203136643698585,73.30274802924717,20.925600370831944,0.8355937267126028,64.6916163773034,29.53673202277571,1.100847204957004
2026-08-18 06:00:00,33.95511636509398,80.24888145489393,21.43248573547688,0.8320897672698121,70.37300676129578,31.30836042907503,1.3810222385528093
2026-08-18 07:00:00,28.453365659349593,71.1419628923545,16.76568714121353,0.8430932686813009,62.60995920295872,25.297690830609312,1.1660650789452078
2026-08-18 08:00:00,23.796323150941937,82.76810371073154,20.285293501223947,0.8524073536981162,73.54610040353194,29.507296808423547,1.3988983704976705
2026-08-18 09:00:00,24.85993636109748,77.42719790520961,18.22377648091898,0.8502801272778051,68.56326918484635,27.08770520128224,1.2995379233683992
2026-08-18 10:00:00,35.175553682311154,77.20879865989971,20.89398987023043,0.8296488926353777,67.61550862155259,30.48727990857755,1.2943477415552775
2026-08-18 11:00:00,37.5712358831304,78.88611676989277,20.099434740131294,0.8248575282337393,68.59007197226312,30.39547953776094,1.438436406894357
2026-08-18 12:00:00,38.74737131177545,82.37021448887724,20.435132125498072,0.8225052573764491,71.37706298542082,31.42828362895449,1.5954073694320245
2026-08-18 13:00:00,38.68854428383662,75.2171381185329,19.5931328637675,0.8226229114323268,65.35071401196966,29.459556970330745,1.3169650081852207
2026-08-18 14:00:00,17.73618309146071,80.17024228838595,16.24200138628795,0.8645276338170786,71.50973222746691,24.90251144720699,1.3924523293348265
2026-08-18 15:00:00,29.832609141077445,78.48597945993687,18.815188432278568,0.8403347817178451,68.95862958543697,28.342538306778472,1.3841660230855302
2026-08-18 16:00:00,16.72676280049933,74.00542405254131,21.892688176671555,0.8665464743990013,67.05079572119286,28.847316508020015,0.9127896200125437
2026-08-18 17:00:00,31.485866469712064,83.17944979532737,21.561716465479833,0.8370282670605759,73.1375010147628,31.6036652460444,1.4668333789425783
2026-08-18 18:00:00,28.24591504120131,81.96139032410392,15.302216150579081,0.8435081699175974,71.52977416590738,25.733832308775618,1.7023807183782667
2026-08-18 19:00:00,41.63112548274899,79.87677751987638,16.15370371010606,0.816737749034502,68.1987435750573,27.831737654925135,1.7690218924830916
2026-08-18 20:00:00,25.52745037656236,82.75872593641363,15.922101414181933,0.8489450992468753,72.66272625253406,26.0181010980615,1.655492288489608
2026-08-18 21:00:00,18.512010492828175,83.00941301439704,20.081859369897067,0.8629759790143436,74.38682658323705,28.704445801057055,1.3337811312323182
2026-08-18 22:00:00,19.289750461585076,80.62544465072553,20.724497308998615,0.8614204990768298,72.32440126328392,29.025540696440224,1.2258397559933667
2026-08-18 23:00:00,37.84531895152416,82.55519992545509,16.494579564174703,0.8243093620969517,70.94896739391064,28.10081209571915,1.823369461720235
2026-08-19 00:00:00,33.546541899487835,80.46207192503925,18.540968850662804,0.8329069162010243,70.11548386010746,28.8875569155946,1.53849492385774
2026-08-19 01:00:00,18.033680283683708,80.2021115764045,20.884921196078402,0.8639326394326327,72.13097804508149,28.956054727401416,1.1845684774723546
2026-08-19 02:00:00,17.523204183449923,79.27917067322777,20.129610813363755,0.8649535916331001,71.29123505767018,28.117546428921344,1.1765294634744405
2026-08-19 03:00:00,36.0290739437736,81.29074959336462,18.795660438442937,0.8279418521124529,70.53796030130167,29.548449730505894,1.598788679470552
2026-08-19 04:00:00,17.182890190925807,72.3790765793961,19.132433833211408,0.8656342196181483,65.22454987409134,26.28696053851617,0.9719568197439139
2026-08-19 05:00:00,39.65580177871068,83.21306138798393,18.55852382841396,0.8206883964425786,71.61975258091391,30.151832635483977,1.7591217348909278
2026-08-19 06:00:00,36.18726681469489,83.07765291617848,17.082839159231746,0.8276254663706102,71.70182767286636,28.458664402543867,1.7864277911912645
2026-08-19 07:00:00,17.440463419256993,70.43870924551838,18.955153950013113,0.8651190731614861,63.49455959031875,25.899303605212744,0.9173855216469824
2026-08-19 08:00:00,17.54513142255576,82.38725125847144,19.822197114350637,0.8649097371548885,73.93532164922352,28.27412672359855,1.3062612994242684
2026-08-19 09:00:00,44.59918735503526,71.93304801210168,21.113260411025653,0.8108016252899295,62.31802679486711,30.72828162826022,1.1609860738953846
2026-08-19 10:00:00,26.22812387268361,75.02678281388712,19.454039477854735,0.8475437522546327,66.55437088795927,27.926451403782593,1.165565109163307
2026-08-19 11:00:00,26.11926441200673,81.15262384437412,20.327850759302105,0.8477614711759865,71.8927498738483,29.587724729827926,1.365994995881335
2026-08-19 12:00:00,39.383987017725076,72.41139844072462,16.12050144468201,0.8212320259645499,62.34838882810389,26.183511057302738,1.3842954223709174
2026-08-19 13:00:00,43.41745732151576,82.26950536178593,18.23090232093853,0.8131650853569685,70.30485842879024,30.195549253934217,1.7883388285521304
2026-08-19 14:00:00,44.58003191468613,82.48201266936613,15.065321338789653,0.8108399361706278,69.72946703410919,27.817866974046588,2.0208946475007616
2026-08-19 15:00:00,37.60134555776825,77.61201600641255,16.72675205165136,0.8247973088844636,66.94475391225862,27.394014145805286,1.5666779407946847
2026-08-19 16:00:00,26.287787565927474,70.09578807575251,20.085232005791035,0.8474244248681451,62.465398720714255,27.71562136082929,0.9563703034242266
2026-08-19 17:00:00,17.505021500960062,74.30557199762369,21.942669659445542,0.8649899569980799,67.23605430124091,29.012187355828317,0.9296605688499451
2026-08-19 18:00:00,38.3144074778231,79.25390377563613,15.694246697110511,0.8233711850443538,68.0274368668689,26.92071360587775,1.7159330998956985
2026-08-19 19:00:00,31.752127492074152,84.71779267041136,17.810460211029017,0.8364957450158517,73.77815912366331,28.75009375777706,1.748013260628485
2026-08-19 20:00:00,27.726660277409287,79.47720290525002,20.600496780894115,0.8445466794451815,70.32462343488868,29.753076251255465,1.3070697307359442
2026-08-19 21:00:00,42.19063155284208,73.8970537159624,16.42824944240229,0.8156187368943159,63.30088299483005,27.024420163534643,1.4698663560985787
2026-08-19 22:00:00,18.33592446918454,79.51008554649417,18.885594645116004,0.863328151061631,71.22442428405549,27.17125590755468,1.2527982736524037
2026-08-19 23:00:00,29.778753128725775,78.09978069573783,20.131499072207724,0.8404424937425484,68.85050623785772,29.380773530087843,1.3013437989116756
2026-08-20 00:00:00,15.340609343022573,81.69768092726716,19.311898151821254,0.8693187813139549,73.545030805489,27.464548273599405,1.267545459399735
2026-08-20 01:00:00,29.05981925982379,71.60470958240438,16.316173142307914,0.8418803614803524,62.86250618621597,25.058376538496333,1.2132470372542663
2026-08-20 02:00:00,16.68909827045512,81.41541853753043,17.487691980800175,0.8666218034590898,72.8888536604333,26.01425685789731,1.3635967801144737
2026-08-20 03:00:00,18.564537488042156,78.11899868014166,20.48654249139778,0.8628709250239157,70.2159132743795,28.38962789715994,1.1338835170495278
2026-08-20 04:00:00,18.525787403313146,84.44488005788492,18.879585598924116,0.8629484251933738,75.45905319962418,27.865412457184853,1.4480332037576036
2026-08-20 05:00:00,34.47630906348191,75.1280824905803,15.036607294800389,0.8310473818730362,64.97547042914177,25.189219356238922,1.5023001481521827
2026-08-20 06:00:00,37.3813463779627,79.48932839700922,20.326935320196657,0.8252373072440746,69.14994927302094,30.666314444184934,1.4507484259364307
2026-08-20 07:00:00,32.50106295291479,83.98042158265027,15.247179484581673,0.8349978740941705,72.63929051606888,26.588310551163055,1.8782648889008495
2026-08-20 08:00:00,43.86517645423626,71.53764591986018,20.220136479118626,0.8122696470915275,61.90379176216591,29.853990636812895,1.1816752500640315
2026-08-20 09:00:00,26.246117385711123,84.05842730854677,16.417363921156664,0.8475077652285777,73.74369039028822,26.73210083941521,1.6995633876836231
2026-08-20 10:00:00,23.57136258845582,80.3182858345122,21.706514360835662,0.8528572748230884,71.69399005242906,30.3308101429188,1.2307272469303965
2026-08-20 11:00:00,41.057973845683804,71.01755588657758,17.57558525911459,0.8178840523086324,61.284920759262924,27.308220386429248,1.2649247460171475
2026-08-20 12:00:00,21.70787515558358,74.51445350420224,17.288521314366555,0.8565842496888328,66.30735350194098,25.495621316627812,1.1855210618389398
2026-08-20 13:00:00,43.89667618321834,80.62258132967922,16.042216352327113,0.8122066476335633,68.49481809353425,28.16997958847209,1.8480984143091799
2026-08-20 14:00:00,15.36463424069449,71.01025902203158,17.139229508431505,0.869270731518611,63.96773874137932,24.18174978908376,0.982575177885107
2026-08-20 15:00:00,44.09636480122917,78.73255690264409,21.136555332797403,0.8118072703975416,67.89340815302717,31.975704082414325,1.455615000929492
2026-08-20 16:00:00,16.294797358517283,75.18824585429435,21.97434036339073,0.8674104052829654,68.13263569194486,29.029950525740226,0.9430309738147805
2026-08-20 17:00:00,41.73429341094213,79.31373276651216,17.578166713547937,0.8165314131781157,67.98719570612573,28.904703773934365,1.6566532815241393
2026-08-20 18:00:00,30.831033272588996,70.6861305071877,18.140274416681798,0.838337933454822,62.191458823210986,26.63494610065851,1.1118634842018893
2026-08-20 19:00:00,44.78894388357901,83.07305209228565,20.054496567419157,0.810422112232842,71.12612744574409,32.00142121396072,1.7366510939460738
2026-08-20 20:00:00,17.213896942061965,84.60233453766095,21.20337046325552,0.865572206115876,76.07975166259979,29.725953338316685,1.3212268665814264
2026-08-20 21:00:00,31.615628532039622,84.53316782928538,19.15131033930749,0.8367687429359207,73.8608050420118,29.823673126581056,1.6604238322967595
2026-08-20 22:00:00,44.079076068572974,81.24477747614387,17.740679887244806,0.8118418478628541,69.29596382067963,29.689493542709045,1.7763203904347364
2026-08-20 23:00:00,30.692935325104465,71.95129360195948,17.888352885940368,0.8386141293497911,63.22629884459411,26.61334764330573,1.17195567064643
2026-08-21 00:00:00,33.88195914405787,81.37394793893534,19.86932702547765,0.8322360817118842,71.0556917416685,30.187583222744493,1.512000328313364
2026-08-21 01:00:00,35.87246066953851,70.36880374688202,15.02252784522995,0.828255078660923,60.863361945741936,24.52796964637004,1.3094908548463629
2026-08-21 02:00:00,28.636231943033195,70.33185327293496,19.337125362218885,0.8427275361139336,62.311786769217086,27.357191865936763,1.0211059239377225
2026-08-21 03:00:00,33.8267424025219,74.85415328724312,17.4884510730895,0.8323465151949562,65.23659340275185,27.10601095758077,1.3506245611961647
2026-08-21 04:00:00,32.529429357693004,77.32964785606998,20.55938131893959,0.834941141284614,67.95921245248297,29.929816722526596,1.283676232914203
2026-08-21 05:00:00,42.034740314729675,81.5561112671169,15.650934478761926,0.8159305193705406,69.4249796048917,27.782066140987126,1.892615627323766
2026-08-21 06:00:00,16.363391410243736,80.24943064909758,19.117415868638734,0.8672732171795126,72.1355749999528,27.23127151778351,1.2391893051811085
2026-08-21 07:00:00,23.42889568776691,76.68854059565122,18.366810229202866,0.8531422086244662,68.12354008483521,26.931810740018875,1.2433029075591104
2026-08-21 08:00:00,43.51234452229676,74.10439999422499,19.49627868133659,0.8129753109554065,63.891333086372605,29.709345589188977,1.3272959563417934
2026-08-21 09:00:00,41.70791351672749,84.95686750236567,15.453975161380779,0.8165841729665451,72.20893702242674,28.201905641319712,2.0799249084982785
2026-08-21 10:00:00,28.669702583571386,76.39271953353959,19.05988651199692,0.8426605948328573,67.37200568938295,28.080600356153568,1.2694387806090506
2026-08-21 11:00:00,33.6039779340461,76.77080536494513,18.930392115716664,0.8327920441319079,67.09942809897592,28.601769381685877,1.3559104887483158
2026-08-21 12:00:00,23.32143548943398,72.45435731787504,18.924620660913195,0.853357129021132,64.6046030517554,26.774374927032824,1.0572398896914754
2026-08-21 13:00:00,20.64363479171284,81.92214323124894,19.224413666175185,0.8587127304165744,73.06375221191965,28.08280468550447,1.3665883778141683
2026-08-21 14:00:00,28.910952148199463,80.40523338672233,19.735275560584537,0.8421780957036011,70.83018510901906,29.310323838287815,1.405318278393089
2026-08-21 15:00:00,25.600566840781585,73.3115441918314,20.634922997765386,0.8487988663184368,65.34677934877436,28.599687840822426,1.0413274015340461
2026-08-21 16:00:00,32.509683355526164,71.23571568423765,16.8887450408975,0.8349806332889477,62.267413006009505,25.857047719125646,1.2123064806426005
2026-08-21 17:00:00,17.332039108949544,80.2074895311207,20.775345871260434,0.865335921782101,72.20411468865186,28.778720713729278,1.1792438388030195
2026-08-21 18:00:00,44.23184422998499,79.81766821421704,18.487789775844174,0.81153631154003,68.2592131109197,30.04624487914151,1.6615951398994753
2026-08-21 19:00:00,44.586322334388086,74.09889290497314,15.539407953940318,0.8108273553312239,63.02104026634486,26.6172605925686,1.5602975766887661
2026-08-21 20:00:00,35.94485142059236,84.26295343375615,15.409856504707854,0.8281102971588153,72.42781506292675,27.24499487553725,1.944449523813861
2026-08-21 21:00:00,31.082890990323612,72.2658683767135,17.339668230872427,0.8378342180193528,63.35871817883764,26.246818428748284,1.215493662190537
2026-08-21 22:00:00,24.285828488589832,76.48502201563903,20.49427883978027,0.8514283430228203,68.16638452661797,28.81291632880133,1.1494166107759485
2026-08-21 23:00:00,39.41385059120846,84.15423880251399,19.95376654318641,0.8211722988175831,72.6734159335529,31.434589412147496,1.7181805458610273
2026-08-22 00:00:00,35.54193517661638,76.29590975389183,20.520304752706846,0.8289161296467673,66.75360337899598,30.062611127602707,1.2790019457287227
2026-08-22 01:00:00,19.87850818034674,79.57788921496129,18.620883395091266,0.8602429836393065,71.05871995529482,27.14005265475774,1.2913804418735932
2026-08-22 02:00:00,42.32781553481527,75.96391596944191,18.081392985688435,0.8153443689303694,65.27558215997452,28.769726795155833,1.4755464893166388
2026-08-22 03:00:00,39.67611728769507,74.11322803523005,16.03216768694399,0.8206477654246098,63.69626007525686,26.449135646917185,1.4705023848678642
2026-08-22 04:00:00,43.49399739875772,84.75966471939742,17.29734927526518,0.8130120052024846,72.14502163010168,29.911992364560916,1.9778159243338194
2026-08-22 05:00:00,36.7715852516508,76.14001009472564,18.038135563217125,0.8264568294966984,66.05682657634262,28.12131908160015,1.4159609864844414
2026-08-22 06:00:00,33.402455878073695,83.41148805518702,15.62020300775732,0.8331950882438526,72.10356873501468,26.928122327929664,1.8437741828009444
2026-08-22 07:00:00,27.547291088718566,73.4493190883663,16.54428366897848,0.8449054178225629,64.62365639620408,25.36994636114069,1.257353020782309
2026-08-22 08:00:00,42.9818545006204,73.19657056037624,19.187577058446173,0.8140362909987592,63.15285780933341,29.231289809489006,1.2974723194640774
2026-08-22 09:00:00,40.98191668501225,70.46701124326768,20.149641799674328,0.8180361666299755,61.31106981421569,29.305583228726313,1.1128363835069945
2026-08-22 10:00:00,16.356560103185682,79.77500238063827,21.988432579750647,0.8672868797936286,72.1059663963392,29.657468564049722,1.0981383332762356
2026-08-22 11:00:00,15.79100923491756,75.52789515585641,21.531793319404905,0.8684179815301649,68.42297908671335,28.636709388547963,0.9651706850352993
2026-08-22 12:00:00,26.293901006341486,82.96537374759455,19.49795639674634,0.847412197987317,73.28102003460701,29.182310109733884,1.4863865528618956
2026-08-22 13:00:00,39.31659992345499,77.09814860037336,17.948736373058505,0.82136680015309,66.53209982514417,28.5147851482877,1.4973655031582063
2026-08-22 14:00:00,44.618283879448335,84.52290141872082,19.45324155295763,0.8107634322411034,72.20934232048496,31.766800651193485,1.8449370064106647
2026-08-22 15:00:00,19.512506733105845,72.78288273554682,20.499561326561626,0.8609749865337883,65.51419327260439,27.76825078950406,0.9587931861795849
2026-08-22 16:00:00,32.82392146056405,83.02934751933417,15.828353336463712,0.8343521570788719,71.8976477907864,26.960053065011486,1.8024942835598428
2026-08-22 17:00:00,26.426725698930646,81.64895279187613,17.869334227874017,0.8471465486021388,71.9000179655293,27.618269054220846,1.517130202184016
2026-08-22 18:00:00,44.09743193443809,81.56382766966078,20.87861599944932,0.8118051361311238,70.1431825205314,32.29926114857871,1.6040710667881948
2026-08-22 19:00:00,40.263567694071256,82.6717484217533,17.686830663531307,0.8194728646118575,70.94020737542746,29.418371709857155,1.7945167095451982
2026-08-22 20:00:00,40.149861141334135,81.41535986414499,19.003105898590306,0.8197002777173318,70.16244780712012,30.256017955615178,1.6523949373061582
2026-08-22 21:00:00,29.06079479384911,79.39330482447123,19.114385526035388,0.8418784104123018,69.86190628637398,28.64578406413264,1.3963700005763036
2026-08-22 22:00:00,27.444585070129953,71.96867316523581,16.291333771935477,0.8451108298597401,63.34485627098992,24.91515066618137,1.2086953842116357
2026-08-22 23:00:00,23.20221215792119,70.48789269236877,17.535648091566017,0.8535955756841577,62.73544980535657,25.288090978578218,1.0440580735680167
2026-08-23 00:00:00,16.691264899527813,83.8127177172353,17.341579021193525,0.8666174702009444,74.94662907933335,26.207667659095478,1.4648855619601588
2026-08-23 01:00:00,40.9416712876516,79.24975471781107,15.183376959724454,0.8181166574246969,67.59714778447822,26.835983893057303,1.7867788855762146
2026-08-23 02:00:00,39.387030273902326,81.94805936464265,15.169342347239487,0.8212259394521954,70.00975696526869,27.10764474661344,1.9005142579198315
2026-08-23 03:00:00,44.991530198583916,77.22283527268826,20.821879305730413,0.8100169396028322,66.5076090487597,31.537105529658966,1.4136779948575662
2026-08-23 04:00:00,44.89910511221716,71.75962283443592,16.911495669809685,0.8102017897755657,61.34954646442769,27.32157203981791,1.3754543696516277
2026-08-23 05:00:00,31.662951168078823,71.87778688303825,18.62655136367171,0.8366740976638424,63.180480791322466,27.323857455387497,1.145424911157753
2026-08-23 06:00:00,38.06962245541531,80.28347930843456,17.091079015121412,0.8238607550891694,69.15281763666744,28.221740686888538,1.6795158461653859
2026-08-23 07:00:00,43.34297189647284,76.45458842349194,21.584754715807385,0.8133140562070543,66.21116173201086,31.82818140728846,1.3197812487071192
2026-08-23 08:00:00,40.48942172032234,73.00787090050505,16.815077312060417,0.8190211565593554,62.838164107169476,26.984784105395995,1.3870384152131834
2026-08-23 09:00:00,22.42044305229593,77.37391820112155,18.007597689172545,0.8551591138954082,68.77524773340166,26.60626815689244,1.272565767245831
2026-08-23 10:00:00,28.516324059302804,70.96313405612702,21.109111753392213,0.8429673518813944,63.13442491456455,28.937820894954683,0.9671641063785338
2026-08-23 11:00:00,18.87478245454485,78.72957102871598,20.89353496754266,0.8622504350909104,70.76268222522293,28.860423771035713,1.142660826942617
2026-08-23 12:00:00,43.621530817761666,74.03490106652646,16.302709924923942,0.8127569383644767,63.22494884224557,27.112662149204837,1.5010845105219741
2026-08-23 13:00:00,33.1852390335264,81.96338650955782,20.618503168569973,0.8336295219329473,71.75740894115009,30.824480736977705,1.4879366527713886
2026-08-23 14:00:00,21.85928416510388,74.6554293838536,18.207308207165248,0.8562814316697922,66.54278622340988,26.319951367608972,1.1514948781816023
2026-08-23 15:00:00,35.15102053217571,76.82830223622702,18.380782104597486,0.8296979589356486,66.87457026266074,28.334514078163764,1.4072006920150142
2026-08-23 16:00:00,33.543847213736875,70.17430809862151,15.934359806911607,0.8329123055725263,61.11148019269431,24.99718771283881,1.2274213868625492
2026-08-23 17:00:00,25.744881540985215,71.08670331691839,15.564210596299873,0.8485102369180296,62.675614048951466,23.975299864266795,1.1863789134261151
2026-08-23 18:00:00,18.40672776598887,75.88740334610027,20.09557514881636,0.8631865444680222,68.25433053998343,27.7286479549332,1.0688759978038798
2026-08-23 19:00:00,35.14719586778399,77.19908252075685,18.475228066487098,0.8297056082644321,67.19873944609895,28.47557114114499,1.418497885615932
2026-08-23 20:00:00,30.6092310271138,79.00030822178955,18.057954918306258,0.8387815379457724,69.1752757482366,27.88298739185921,1.456613324813462
2026-08-23 21:00:00,38.16955175206918,74.37493868063954,20.106557600566777,0.8236608964958616,64.80530101235857,29.67619526884775,1.248768973005241
2026-08-23 22:00:00,30.604905033359803,80.42472829189813,20.35859029293777,0.8387901899332804,70.74147759364436,30.041840991191542,1.3983573371412505
2026-08-23 23:00:00,40.5654450095562,82.90183595783807,16.112357173685474,0.8188691099808876,70.80419822175189,28.20999490977166,1.90924432103369
2026-08-24 00:00:00,31.557205163234567,81.69776483340024,19.27157604634349,0.8368855896735309,71.51515386047063,29.4541870192731,1.5246301522885133
2026-08-24 01:00:00,31.828139146061588,70.59428238022535,15.947478575943798,0.8363437217078769,61.65098984905679,24.890771107112357,1.2237998989521583
2026-08-24 02:00:00,41.29960807975035,77.20760420886744,20.25962560220332,0.8174007838404993,66.80894795342255,30.658281857648213,1.4006157456606139
2026-08-24 03:00:00,27.104485986371913,71.57395267627263,19.598686093869976,0.8457910280272563,63.558900248591016,27.613738521551582,1.0391482671172296
2026-08-24 04:00:00,19.02045685351922,73.63067523793791,21.696302347584208,0.8619590862929616,66.46160695135143,28.865370634170688,0.9343462023643868
2026-08-24 05:00:00,15.863480289400169,84.7999388990072,15.482706114494949,0.8682730394211997,75.66899050857023,24.613654504931915,1.5817138049250778
2026-08-24 06:00:00,37.65411767020857,72.1374331435227,15.39938304805878,0.8246917646595828,62.190785704630734,25.346030486950745,1.3895183271692964
2026-08-24 07:00:00,33.60928654060394,77.48332230177034,16.975309522852402,0.8327814269187921,67.36525874490019,27.093373079722554,1.4905662356186962
2026-08-24 08:00:00,36.12239304297671,79.27233601477178,16.83193978615134,0.8277552139140466,68.51730332325089,27.586972477672234,1.6173398284000269
2026-08-24 09:00:00,21.388924845267322,80.53697455816156,16.728851593504,0.8572221503094654,71.42658796847853,25.839238183187035,1.445613141867364
2026-08-24 10:00:00,19.09114426760309,78.39473025230372,21.343782063647257,0.8618177114647938,70.51129966849169,29.227212647459282,1.1141916160546033
2026-08-24 11:00:00,15.436339970036459,70.14656271128776,16.746823398946542,0.8691273200599271,63.157995719380395,23.735390390853908,0.9701208259171881
2026-08-24 12:00:00,25.51762676419791,74.89691962365988,16.903648082900418,0.8489647464716042,66.13789115356018,25.662676553000125,1.2709133335208131
2026-08-24 13:00:00,32.69753060563899,77.76567465077068,20.315787836925747,0.834604938788722,68.2637471046138,29.81771538308263,1.3161261013964385
2026-08-24 14:00:00,26.76732135299197,71.3179974871725,18.14817889715378,0.8464653572940161,63.154588387212,26.311587997114287,1.08968310531122
2026-08-24 15:00:00,28.124247660711873,75.25940396813772,20.43697389868627,0.8437515046785763,66.69348175992195,29.002896106902035,1.152697452415906
2026-08-24 16:00:00,42.12476083481245,70.4980466318705,15.457563102950697,0.8157504783303751,60.356863869202144,25.59874586561905,1.3656719640050357
2026-08-24 17:00:00,25.44766401069901,71.1786774573253,18.41299835571369,0.849104671978602,63.21658300101579,26.375092812023205,1.057544973343651
2026-08-24 18:00:00,30.419684674794325,75.95384914302394,15.235295201282979,0.8391606306504114,66.18791521921534,25.001229125091584,1.4699965167800482
2026-08-24 19:00:00,38.50959038223429,71.9907363106459,15.438572424187482,0.8229808192355315,61.97991858900707,25.449390145826314,1.3914069866816516
2026-08-24 20:00:00,26.896283469638107,78.51311272392337,21.345062173410877,0.8462074330607238,69.72109148284575,30.1370834144885,1.2219646660072778
2026-08-24 21:00:00,33.662601006836205,80.34197453705899,15.974717597823165,0.8326747979863276,69.5717102666354,26.744981868246747,1.6792417524175125
2026-08-24 22:00:00,40.87091126240236,82.00880048663625,18.72694477592652,0.8182581774751954,70.50784069702014,30.227904565542623,1.7079359385130108
2026-08-24 23:00:00,43.485618709729266,73.00225366367215,17.877669218204947,0.8130287625805415,62.69554189766971,28.18438098420738,1.363989243105819
2026-08-25 00:00:00,19.41220442787114,72.51223873388605,17.4314032838119,0.8611755911442578,64.86567431324909,25.077967704448866,1.0747084884484217
2026-08-25 01:00:00,42.79762875484484,71.568517605016,21.298833419810908,0.8144047424903104,62.238702623732095,30.628648401094807,1.1198606314031196
2026-08-25 02:00:00,29.763488792386145,79.54645374315456,15.152763777428426,0.8404730224152277,69.2739230073914,25.42529451319158,1.6257167561518158
2026-08-25 03:00:00,22.74733164896875,80.59713589730352,19.646527803229123,0.8545053367020625,71.72914769485162,28.514516005681017,1.3265614567039137
2026-08-25 04:00:00,28.77407268714784,70.47379217238463,21.743761039494853,0.8424518546257044,62.79646614336616,29.42108706851333,0.9258982131629316
2026-08-25 05:00:00,44.40097725856431,84.04318369365535,18.921177284232893,0.8111980454828714,71.74802160147941,31.21633937640884,1.8504759685556116
2026-08-25 06:00:00,29.77854281978609,70.77956925477208,21.557757234231644,0.8404429143604278,62.92588037887579,29.41144611012794,0.9541532434092942
2026-08-25 07:00:00,24.862548308625247,78.11944502951606,15.365805155002166,0.8502749033827495,68.72365023622032,24.7615999482979,1.4712438639971035
2026-08-25 08:00:00,34.00202562950177,80.63590779176374,17.93155323351913,0.8319959487409965,70.10132219439768,28.466138830885185,1.5869369290413051
2026-08-25 09:00:00,22.204368563345792,83.06453685619128,16.821104536734357,0.8555912628733084,73.49840645200105,26.387234940924586,1.5609054221823468
2026-08-25 10:00:00,17.275899843259918,80.71130398198642,20.115746754865107,0.8654482003134802,72.55806270406976,28.26898803278177,1.2259122928701514
2026-08-25 11:00:00,18.866391657319475,82.02592124604688,21.869079633480727,0.8622672166853611,73.74035201533026,30.15464886419734,1.2203974974905047
2026-08-25 12:00:00,18.841375168733173,75.0917528881421,16.795710437109733,0.8623172496625336,67.06539342969427,24.82206989555756,1.1890380568099725
2026-08-25 13:00:00,19.55708080536883,82.22237670619768,19.57922221031852,0.8608858383892624,73.50782678785154,28.293772128664656,1.3439095966197558
2026-08-25 14:00:00,19.164815179482304,71.20172269577013,16.386683429318182,0.8616703696410354,63.6191785759297,23.96922754915861,1.0690695023572856
2026-08-25 15:00:00,34.226242344096434,83.42224984090791,18.95731178200127,0.8315475153118072,72.56297084961463,29.81659077329455,1.6616734881114401
2026-08-25 16:00:00,20.456402531974344,78.21388564230604,18.247527406818353,0.8590871949360513,69.76385789387385,26.69755515525054,1.2649497621437606
2026-08-25 17:00:00,25.370018499715897,82.2594665494374,21.80403730742076,0.8492599630005683,73.1464129086793,30.917090948178867,1.3277734081870747
2026-08-25 18:00:00,41.90365229718036,76.78477426777451,19.259690908875264,0.8161926954056393,66.21124374900933,29.833221427640446,1.443027244131646
2026-08-25 19:00:00,29.218849207886173,79.65366542794787,17.44654460460773,0.8415623015842277,69.797712379626,27.302497652929596,1.4967377957564816
2026-08-25 20:00:00,35.02673215563081,77.8960399140417,15.798670494215534,0.8299465356887384,67.33616711958406,26.358543288673168,1.595399929343936
2026-08-25 21:00:00,20.169596136048895,80.97384282632999,16.058727801144542,0.8596608077279022,71.86370801744513,25.168862610029393,1.4763533631672061
2026-08-25 22:00:00,20.768670564260123,71.22444973045884,16.577218509658646,0.8584626588714798,63.489825923431326,24.311842316686167,1.0823179332102126
2026-08-25 23:00:00,16.226058487994365,70.90528125985846,16.756766629382085,0.8675478830240113,63.73319586594656,23.928852023293977,1.005405435358934
2026-08-26 00:00:00,20.068051892164938,73.7065485101522,20.954312404887965,0.8598638962156702,66.31405567644941,28.346805238590754,0.9784355379440929
2026-08-26 01:00:00,23.35771017095876,72.39317020169783,18.928559517977675,0.8532845796580825,64.54908737181884,26.77264234785666,1.055277061311814
2026-08-26 02:00:00,20.310314528302406,83.07675349888302,18.663736379620566,0.8593793709433952,74.01895451213849,27.721535366365096,1.4346253995878937
2026-08-26 03:00:00,17.661076012711668,73.28820981037066,15.803382103084523,0.8646778479745767,65.50923921621002,23.582352697245163,1.1494062212204443
2026-08-26 04:00:00,18.619076133018023,84.63797883728697,21.020977853446045,0.862761847733964,75.90729916955804,29.751657521174963,1.354361646431403
2026-08-26 05:00:00,28.823363040981775,75.05343687656661,20.059700122459386,0.8423532739180365,66.38385432226825,28.729282676757748,1.170513238058484
2026-08-26 06:00:00,21.190011552173775,72.73176873533049,15.473678533300012,0.8576199768956525,64.57936052945458,23.626086739175925,1.1932282124445954
2026-08-26 07:00:00,25.928095831442263,81.84547760713718,19.95484568060838,0.8481438083371154,72.44700194316519,29.353321344580372,1.410305750534743
2026-08-26 08:00:00,30.10251812564571,79.88061663251314,18.804767521398524,0.8397949637487085,70.0959580115886,28.589426142323056,1.4482386274616244
2026-08-26 09:00:00,35.71184485888096,77.47293574679708,15.572077420227448,0.8285763102822381,66.86166221576006,26.183350951264458,1.5986241453138978
2026-08-26 10:00:00,16.179364195232967,78.33045326406447,18.208104490700595,0.8676412716095341,70.37273563257395,26.165822122191116,1.2061253975712132
2026-08-26 11:00:00,38.98231196727128,80.78802667408395,18.39287400991033,0.8220353760654575,69.68389679486592,29.497003889128365,1.641100820735225
2026-08-26 12:00:00,33.83701168472723,73.42682111996947,16.16042178114293,0.8323259766305455,63.82473353894656,25.762509362165844,1.357815984564463
2026-08-26 13:00:00,17.452770958466157,84.94500874085114,21.619887029001976,0.8650944580830677,76.40209887935843,30.162796890494675,1.318978849022701
2026-08-26 14:00:00,41.20735872320331,84.62189743220175,20.949827600364635,0.8175852825535934,73.00717480459932,32.56455022796707,1.7083618914143819
2026-08-26 15:00:00,42.626172015954396,79.75488529520405,19.68315636130376,0.8147476559680913,68.62645670014959,30.811584956358217,1.5672635282770182
2026-08-26 16:00:00,16.832338795645914,72.99313676393717,18.23606892700425,0.8663353224087083,65.67405094566904,25.55515474527239,1.0245824601980054
2026-08-26 17:00:00,23.30632944441611,80.20342363646937,17.88235879109156,0.8533873411111678,71.06636661470519,27.01941581285574,1.4055540114577112
2026-08-26 18:00:00,39.18603839379184,71.08297613468764,19.55681427005668,0.8216279232124164,61.892147634000224,28.747642770744093,1.1491320983378333
2026-08-26 19:00:00,37.447790711509754,70.4597875330871,18.81802308584834,0.8251044185769805,61.42787111437666,27.849939504558776,1.141542868227613
2026-08-26 20:00:00,20.53563058069132,73.86524332766821,15.4359117411732,0.8589287388386174,65.62254383194475,23.678611236896657,1.2290603363880905
2026-08-26 21:00:00,21.28047970010131,76.93934435108974,18.58751854139232,0.8574390405997974,68.62065208090577,26.906210811576294,1.2125314008338468
2026-08-26 22:00:00,26.11416308374146,83.02408758112571,20.644825320629877,0.8477716738325171,73.528196899648,30.140716002107595,1.4273917653569408
2026-08-26 23:00:00,29.53568955573064,80.90753604649461,18.214679143178707,0.8409286208885387,70.93489683844666,28.187318351226658,1.5156782228681371
2026-08-27 00:00:00,33.54764314590888,81.14059781799972,15.363696042879878,0.8329047137081823,70.1495875844973,26.354706276382302,1.7512132634976327
2026-08-27 01:00:00,26.067409187093173,76.38240001672114,20.503947395688233,0.8478651816258137,67.88134177618973,29.005005636219636,1.1676293824951984
2026-08-27 02:00:00,28.876041483994435,75.18902488820444,16.40954647495182,0.8422479170320112,65.9164397327419,25.68213163041436,1.3538635170959787
2026-08-27 03:00:00,37.4241281440127,75.56558144476904,16.810345844216272,0.8251517437119746,65.29233095222028,27.083596336765027,1.4650271871356007
2026-08-27 04:00:00,16.100496086717936,84.81474345604087,16.15294447402607,0.8677990078265642,75.7375855062055,25.23010242386144,1.553081694852415
2026-08-27 05:00:00,22.573108330320622,70.60163787118724,17.311505454100484,0.8548537833393588,62.8667767655025,25.04636655978522,1.0503339697430063
2026-08-27 06:00:00,36.40048757653658,83.00547244183673,20.297260539820446,0.8271990248469269,72.16943227506277,31.133300706594397,1.599207880392432
2026-08-27 07:00:00,41.856205130615976,78.6801311285859,18.635701016527563,0.816287589738768,67.64922414993757,29.666607995175895,1.566115529670138
2026-08-27 08:00:00,30.35032326346998,76.57923128784385,16.434168919054986,0.8392993534730601,66.91388087977636,26.09951932712248,1.4329086640911362
2026-08-27 09:00:00,30.96340455795947,80.87886490622705,21.144810547064285,0.838073190884081,71.20632008829098,30.817355365000353,1.3824549138518485
2026-08-27 10:00:00,18.215160340193282,77.30003412137054,21.157072984660704,0.8635696793196135,69.64043192954274,28.816675176488502,1.0715840425401064
2026-08-27 11:00:00,28.42237100470364,83.1013485712249,21.094048975322046,0.8431552579905928,73.3758296634055,30.819567883141453,1.4427217591392232
2026-08-27 12:00:00,30.978517993650694,83.51052796016887,16.671573479670776,0.8380429640126986,72.68548900401726,27.496612435822392,1.7438285328279872
2026-08-27 13:00:00,22.27411510904189,76.32581390310183,18.158675409266916,0.8554517697819163,67.91785697696783,26.566632335400925,1.2227484641097122
2026-08-27 14:00:00,23.07729692848143,74.15241695852578,21.894927592986125,0.8538454061430372,66.51474482432077,29.532599727191126,0.9899345218182116
2026-08-27 15:00:00,26.31852489313868,78.88525492890044,20.404087334169933,0.8473629502137227,69.95886203918393,29.33048022388644,1.2734860674306794
2026-08-27 16:00:00,15.602135933331791,83.68545018425036,15.190171948578918,0.8687957281333364,74.69857707703456,24.17704505579472,1.5456898382969824
2026-08-27 17:00:00,24.66237496749535,73.159932835085,15.456432138823445,0.8506752500650093,64.54337202324218,24.07299295066626,1.2590600969331889
2026-08-27 18:00:00,21.34344020989634,79.34449875345224,18.24751963768633,0.8573131195802073,70.62676140035038,26.9652569907882,1.3225011344530058
2026-08-27 19:00:00,24.82492056533744,79.4734033013878,21.364541441030923,0.8503501588693252,70.77742135570107,30.060523386717662,1.2310588840386214
2026-08-27 20:00:00,18.59286395457754,80.99669533622921,18.770912585669,0.8628142720908449,72.46020603487666,27.30740188702154,1.318841226730504
2026-08-27 21:00:00,41.71581842219685,71.9735152769089,18.484687556240033,0.8165683631556063,62.16197205521883,28.2962307779301,1.2667505869660203
2026-08-27 22:00:00,32.80777360662146,80.73737447023133,15.738315899696413,0.8343844527867571,69.97251981672656,26.503170553201187,1.697790480396344
2026-08-27 23:00:00,35.37306957433469,83.63548780998461,19.597460733070058,0.8292538608513307,72.7012419279035,30.531706615151172,1.6528916835005234
2026-08-28 00:00:00,38.67513715822015,72.69524663305363,20.754722124201578,0.8226497256835598,63.48358036326893,29.96638839398628,1.1523022572750707
2026-08-28 01:00:00,29.95326596787172,73.56314987385817,17.662940052552937,0.8400934680642566,64.62434118685286,26.601748739558246,1.2387081040037864
2026-08-28 02:00:00,17.60760864262271,84.5709264106246,20.429282956477294,0.8647847827147546,75.89800015393934,29.102209213162553,1.3626553214821024
2026-08-28 03:00:00,31.113196254556435,72.71465429064234,21.75133657730568,0.8377736074908871,64.44705910771196,30.018931760236057,1.0300659549071705
2026-08-28 04:00:00,32.60523354062637,82.81577640054368,16.426365213893824,0.8347895329187472,71.84755076914792,27.394590845289592,1.7530658625458855
2026-08-28 05:00:00,37.3631842255299,77.38416784672052,18.66330741836319,0.8252736315489402,67.1240851517521,28.923390113331607,1.4457301295644895
2026-08-28 06:00:00,27.94978638689038,73.70846611604766,17.009965706592027,0.8441004272262193,64.86919412529949,25.8492376973402,1.2505932171708622
2026-08-28 07:00:00,18.82740908386691,83.06124851908767,20.549980933236874,0.8623451818322662,74.45627134612283,29.15495810620171,1.3190201137859998
2026-08-28 08:00:00,23.513277173961733,76.67957882503998,19.043153561168104,0.8529734456520766,68.2054938135613,27.517238572646782,1.2126908332387252
2026-08-28 09:00:00,25.892468891959055,77.72226030894535,19.442076922852127,0.8482150622160819,68.87620629965186,28.28813093214562,1.2672910836269327
2026-08-28 10:00:00,34.377517239948034,75.38850054099649,20.58539911731126,0.831244965520104,66.14020127063725,29.833698387670495,1.2244237217565097
2026-08-28 11:00:00,32.12334914006736,78.89426277152391,17.771793308637186,0.8357533017198653,68.85509897151641,27.810957108644686,1.489199089538003
2026-08-28 12:00:00,25.68290177693539,72.45285808877534,21.405630478849304,0.8486341964461293,64.72605346240155,29.132435105223095,0.9787454334560572
2026-08-28 13:00:00,44.59545746378939,75.86622304977641,18.73120207072298,0.8108090850724212,65.05679615634288,29.540628964156504,1.4619803025251858
2026-08-28 14:00:00,33.173244580706616,84.54118483502931,16.105683759847437,0.8336535108385867,73.15717949717069,27.489689097706062,1.8657233933139403
2026-08-28 15:00:00,22.116803752079832,73.87200149051691,19.871293827181617,0.8557663924958403,66.08328461645654,27.660010701241987,1.0534931493065038
2026-08-28 16:00:00,18.053474178612113,79.85104996811938,20.55282945306778,0.8638930516427757,71.78015013080196,28.623729290385207,1.186614822376801
2026-08-28 17:00:00,19.585774175529963,74.87785096337042,17.217331739472687,0.8608284516489401,66.85314722425451,25.24203547858859,1.1728507343968813
2026-08-28 18:00:00,22.378731851535242,81.602096885299,21.00025479899127,0.8552425362969296,72.82952792915111,29.772823755139164,1.29627779366839
2026-08-28 19:00:00,19.82044119778667,71.96310491077524,21.343002783360365,0.8603591176044267,64.89446918274899,28.411638511386613,0.9017369210549785
2026-08-28 20:00:00,20.59701072153917,84.54731567617817,16.93833141164466,0.8588059785569216,75.00133130218688,26.48431578563595,1.5883701402230908
2026-08-28 21:00:00,23.55285506081541,76.80684312075459,21.884650309006553,0.8528942898783692,68.72747494574527,29.964018484015874,1.0908700885894542
2026-08-28 22:00:00,20.201207858842643,73.54075695019696,15.984980696341308,0.8595975842823147,65.45978692564904,24.065950720889234,1.1867926953806074
2026-08-28 23:00:00,41.90296273879275,71.10245120995019,16.41410967881743,0.8161940745224145,61.050409981986064,26.46615090678155,1.3389979579980904
2026-08-29 00:00:00,17.407012369849266,72.54636857631311,16.289573874666182,0.8651859752603015,64.96216366362914,23.873778787350155,1.0979352052598532
2026-08-29 01:00:00,30.735341687107642,77.79660922834026,21.257927970055093,0.8385293166257848,68.66726972848801,30.387267469907343,1.2463484977265427
2026-08-29 02:00:00,27.311904809689846,75.05504764646929,19.580047866274732,0.8453761903806203,66.47729184182135,28.157803670922668,1.1743508553931283
2026-08-29 03:00:00,44.47135850725819,82.43325048823914,16.06472998255591,0.8110572829854836,69.8934018996617,28.604578571133352,1.9505526404727
2026-08-29 04:00:00,18.36116706504157,76.4633128549271,18.082263928578442,0.8632776658699168,68.48131957675412,26.06425720675142,1.1756676930805845
2026-08-29 05:00:00,26.935667971372247,73.73071408881445,19.307086175488614,0.8461286640572555,65.35647775494016,27.681322509362907,1.1311950417727965
2026-08-29 06:00:00,44.08411299826106,79.25717479906045,15.584248594925683,0.811831774003478,67.27595323122094,27.565470162765195,1.809236592894679
2026-08-29 07:00:00,40.96521377681941,80.60165825328168,21.17691457885137,0.8180695724463611,69.79048922932718,31.988083602805872,1.501214495240585
2026-08-29 08:00:00,39.512162128478394,72.50562861851425,20.625224748090744,0.8209756757430432,63.21777437343368,29.913078993171318,1.1592589643953133
2026-08-29 09:00:00,22.737084811348197,72.51428824432476,18.536447415036466,0.8545258303773037,64.66190667165797,26.38882898770325,1.0691219770752953
2026-08-29 10:00:00,20.126627621701974,70.55007140400315,21.769886306814193,0.8597467447565961,63.708491652746616,28.611466058070725,0.8427670870042171
2026-08-29 11:00:00,35.05929659773293,81.04603022598461,17.9243268549257,0.8298814068045341,70.30785484839858,28.662502232511727,1.6222970556696434
2026-08-29 12:00:00,42.88127967382758,79.95706791432707,21.888772233255484,0.8142374406523448,69.17015269165482,32.67568745592773,1.4560484632847686
2026-08-29 13:00:00,31.702886790417892,77.1194631362472,19.67543999162539,0.8365942264191643,67.73277809670483,29.06212503116776,1.308405645488049
2026-08-29 14:00:00,32.14838068409699,82.66255673453796,19.44269891277759,0.8357032386318061,72.27573884026505,29.829516807050496,1.5674585726955688
2026-08-29 15:00:00,23.399372809808526,82.0850522942508,16.161684267070495,0.853201254380383,72.40758456084036,25.839152000480937,1.574918518977403
2026-08-29 16:00:00,38.084787995758106,78.78031546595128,21.173494308132508,0.8238304240084838,68.63174620835925,31.322063565724534,1.3831268714613205
2026-08-29 17:00:00,20.6113124567257,83.02406920769889,17.992427815444305,0.8587773750865486,73.84013010785443,27.176366915288753,1.4710569546078764
2026-08-29 18:00:00,24.71037709212731,73.08761815055152,16.135633840477354,0.8505792458157454,64.5778097026504,24.645442288378476,1.224573735846173
2026-08-29 19:00:00,27.763093158492502,71.67879429096593,15.088252639830314,0.844473813683015,62.877483166352306,23.889563764443935,1.2590407409971842
2026-08-29 20:00:00,30.228311360533652,74.04624417275484,18.91828978546868,0.8395433772789327,65.20059879424986,27.763935163973663,1.201281321124047
2026-08-29 21:00:00,22.272291972452408,70.85630284133973,18.691797354858736,0.8554554160550952,63.316206099104626,26.231894097093836,0.9975704295764317
2026-08-29 22:00:00,18.445104742176106,77.96754292001548,20.035475356584108,0.8631097905156478,70.03721005539572,27.965808221203865,1.1462549370751238
2026-08-29 23:00:00,33.31860127324897,84.04908538442442,21.231806371124616,0.8333627974535021,73.5813897380653,31.699502017483738,1.5497036791544414
2026-08-30 00:00:00,23.65891659720767,70.59015311002764,15.555846092501207,0.8526821668055847,62.48261824884945,23.6633809536794,1.140846765447516
2026-08-30 01:00:00,32.43714664267837,71.8316487101504,20.120475432382538,0.8351257067146433,63.3058055610218,28.64631858151114,1.0830662105751874
2026-08-30 02:00:00,19.63088145822607,76.78298542425154,16.311883608683075,0.8607382370835479,68.36167317991521,24.733195853019396,1.2874172180479397
2026-08-30 03:00:00,29.434203055644524,84.00812526291857,21.00723937210015,0.841131593888711,73.99927493784504,31.01608969717367,1.5013971438645715
2026-08-30 04:00:00,30.977682976547577,74.74234157465126,20.733444597031593,0.8380446340469049,65.99531089991785,29.480475271765002,1.1523075755863057
2026-08-30 05:00:00,16.554706104672807,77.60852213032588,18.78555628489881,0.8668905877906544,69.77863172223067,26.61544669299402,1.1602755944036773
2026-08-30 06:00:00,25.098128345817617,70.62359288575588,19.97169959036318,0.8498037433083648,63.01586811844377,27.579424357675293,0.9673390665499116
2026-08-30 07:00:00,19.032440308169228,72.22514801443133,17.20045079228624,0.8619351193836615,64.62816976150569,24.797429045211878,1.0693387316583949
2026-08-30 08:00:00,16.90124911418303,84.7994518443827,18.298175292529702,0.8661975017716339,75.90141490636931,27.196212230543097,1.461262334278097
2026-08-30 09:00:00,44.69880697169836,84.47678044654069,20.7514582839733,0.8106023860566033,72.40735648117617,32.82088224933782,1.763293609422338
2026-08-30 10:00:00,24.67061534924169,70.07409971401614,18.214856380212495,0.8506587693015166,62.329376491453786,25.959579602774852,1.0168725373029328
2026-08-30 11:00:00,39.29623337563905,84.27717678134859,17.504587857278093,0.821407533248722,72.35209541402976,29.42966922459692,1.87121959739501
2026-08-30 12:00:00,22.639219642912916,79.5867990672325,18.4594871307521,0.8547215607141742,70.7063185913628,27.339967606621798,1.3418413352402165
2026-08-30 13:00:00,35.44508166671788,83.01877441780033,20.79774476706053,0.8291098366665642,72.38581249801086,31.430706686849994,1.5580346943527372
2026-08-30 14:00:00,37.80683579669059,76.82109783450788,17.34645633159611,0.8243863284066189,66.37653767348147,27.791016492622525,1.498038802982175
2026-08-30 15:00:00,32.86916221823533,77.73394042868875,16.216331151950207,0.8342616755635294,67.53811494382462,26.412156636814338,1.5326068453159534
2026-08-30 16:00:00,29.14728565650475,77.33269870385381,19.984098142315467,0.8417054286869905,68.25472656256409,29.062070283605188,1.2689635709959206
2026-08-30 17:00:00,27.355227424418054,80.00296386319157,20.781847488956572,0.845289545151164,70.84083801227783,29.94397333987031,1.3144557307591362
2026-08-30 18:00:00,25.46604799628986,72.0947688213447,15.704462349664734,0.8490679040074203,63.58366167191011,24.21556949909933,1.2158380996941425
2026-08-30 19:00:00,42.88587432743478,70.44960384809016,16.679118789291614,0.8142282513451304,60.46056681269662,26.668155824685158,1.3064777327591075
2026-08-30 20:00:00,39.918582233631874,74.61894912386786,15.993803928326958,0.8201628355327363,64.07596924542017,26.53678380677465,1.499288131775472
2026-08-30 21:00:00,43.95080731999538,80.57021144104971,17.435589881075167,0.8120983853600092,68.70711411024573,29.298687211879148,1.7591115013139271
2026-08-30 22:00:00,18.72891670456634,73.02780178184423,18.152456852337888,0.8625421665908674,65.48475576025545,25.69550287392667,1.0537270637887202
2026-08-30 23:00:00,36.92602425610933,80.10148649987376,20.241784358743146,0.8261479514877814,69.69475465930697,30.648516199309938,1.476840396472894
